login,email,org
agcruzps,"",pagseguro-tilix
ajmarquesps,"",pagseguro-tilix
alexrodriguesdasilva,"",pagseguro-tilix
carlosnicolaups,"",pagseguro-tilix
cinramorim,"",pagseguro-tilix
clovislima,"",pagseguro-tilix
danilooliveira88,"",pagseguro-tilix
dfonteps,"",pagseguro-tilix
diego-alves,"",pagseguro-tilix
dmarchetti,"",pagseguro-tilix
ecdfsantos,"",pagseguro-tilix
felipeCabrini-pag,"",pagseguro-tilix
gchiquinips,"",pagseguro-tilix
gusgasparinips,"",pagseguro-tilix
HenriquePA,"",pagseguro-tilix
hugosilvac,"",pagseguro-tilix
ifparreiraPS,"",pagseguro-tilix
jammotaPS,"",pagseguro-tilix
Jonathanboliveira,"",pagseguro-tilix
kirstus,"",pagseguro-tilix
leagomes,"",pagseguro-tilix
lgrosaps,"",pagseguro-tilix
lucribeirops,"",pagseguro-tilix
luteixeira,"",pagseguro-tilix
maslima1,"",pagseguro-tilix
mchagasps,"",pagseguro-tilix
occosta,"",pagseguro-tilix
rafael-sbrissa,"",pagseguro-tilix
rafaelgoncalves,"",pagseguro-tilix
ronebrandaops,"",pagseguro-tilix
rsbernardesuol,"",pagseguro-tilix
svcacc-bootstrap,"",pagseguro-tilix
svcacc-github-tilix,"",pagseguro-tilix
svcaccatlantis,"",pagseguro-tilix
svcaccgithub,"",pagseguro-tilix
svcaccintjenkins,"",pagseguro-tilix
svcaccjfrog,"",pagseguro-tilix
svcaccjirasdmaz,"",pagseguro-tilix
svcaccpsjenkins,"",pagseguro-tilix
svcaccspinnaker,"",pagseguro-tilix
thaisinaba,"",pagseguro-tilix
tqieroberto,"",pagseguro-tilix
tqiwbarros,"",pagseguro-tilix
trcamaraps,"",pagseguro-tilix
tvazpagseguro,"",pagseguro-tilix
valteirjuniortilix,"",pagseguro-tilix
vinmoraesps,"",pagseguro-tilix
vlbarreto,"",pagseguro-tilix
wfelicianoPS,"",pagseguro-tilix
abreda-mzg,"",ps-acquirer
Adolfo-Pira,"",ps-acquirer
adriano70,"",ps-acquirer
aeugenio-ps,"",ps-acquirer
agiovaninipagseguro,"",ps-acquirer
aguarnier,"",ps-acquirer
ahsilvauolinc,"",ps-acquirer
ajjuniorPag,"",ps-acquirer
alberto-fragala-neto,"",ps-acquirer
alesilva,"",ps-acquirer
Alessandra-dmartin,"",ps-acquirer
alexandre-luz,"",ps-acquirer
aljsilva,"",ps-acquirer
alnsilva,"",ps-acquirer
alpsantos-ps,"",ps-acquirer
alvesfc,"",ps-acquirer
am53-mesposito,"",ps-acquirer
ameiraps,"",ps-acquirer
anaurias,"",ps-acquirer
andradedbruno,"",ps-acquirer
andrecristiani-ps,"",ps-acquirer
andredieguesrodrigues,"",ps-acquirer
andrelcmoreira,"",ps-acquirer
andrelenon,"",ps-acquirer
andrelimasantos,"",ps-acquirer
andrenmaia,"",ps-acquirer
andrevieirabr,"",ps-acquirer
anpaula,"",ps-acquirer
aparecidosteixeira,"",ps-acquirer
apercario,"",ps-acquirer
aromfeld,"",ps-acquirer
Arsousa234,"",ps-acquirer
arthurpessoa,"",ps-acquirer
aspineli,"",ps-acquirer
AtilaFerrari,"",ps-acquirer
augustoArtur,"",ps-acquirer
augustobmoura,"",ps-acquirer
b0nn13,"",ps-acquirer
bcarrijo,"",ps-acquirer
blucino,"",ps-acquirer
boinkbr,"",ps-acquirer
bronzelle-pagseguro,"",ps-acquirer
brunasilvestre,"",ps-acquirer
brunodonatob,"",ps-acquirer
brunoluzardi,"",ps-acquirer
bturini,"",ps-acquirer
caiokissajikian,"",ps-acquirer
caiopapai,"",ps-acquirer
caiquealexandre,"",ps-acquirer
camilacardozo1,"",ps-acquirer
carlosnicolaups,"",ps-acquirer
CarolGalvao,"",ps-acquirer
ccaparroz,"",ps-acquirer
ccassol,"",ps-acquirer
cesardrk,"",ps-acquirer
cespereira,"",ps-acquirer
chrisjullian,"",ps-acquirer
chvaccari,"",ps-acquirer
cin-aperes,"",ps-acquirer
Clarinalee,"",ps-acquirer
cnmaia,"",ps-acquirer
csazevedo-boac,"",ps-acquirer
ctl-rcoimbra,"",ps-acquirer
ctldwillig,"",ps-acquirer
ctlwvargas,"",ps-acquirer
daaraujo463,"",ps-acquirer
daneebrand,"",ps-acquirer
DanielEderFilho,"",ps-acquirer
danielgracia,"",ps-acquirer
danielrsousa,"",ps-acquirer
danilooliveira88,"",ps-acquirer
DaniloTerra,"",ps-acquirer
danilotuzita,"",ps-acquirer
daniloyamamoto,"",ps-acquirer
dannylo,"",ps-acquirer
dantas-diego,"",ps-acquirer
davidzaque,"",ps-acquirer
densalazar,"",ps-acquirer
dfelix82,"",ps-acquirer
dfonteps,"",ps-acquirer
dguachala,"",ps-acquirer
diego-alves,"",ps-acquirer
digrande,"",ps-acquirer
dionisioedu,"",ps-acquirer
dlimaps,"",ps-acquirer
dmarchetti,"",ps-acquirer
dnobitencourt,"",ps-acquirer
dolivermetal,"",ps-acquirer
dpassarellas,"",ps-acquirer
dpaulo-almeida,"",ps-acquirer
Droissor,"",ps-acquirer
dysilva,"",ps-acquirer
eaneto,"",ps-acquirer
edersonb,"",ps-acquirer
eduatakeuol,"",ps-acquirer
edwindelgadoh,"",ps-acquirer
efarrapo,"",ps-acquirer
efnascimento,"",ps-acquirer
elemospags,"",ps-acquirer
eluppi,"",ps-acquirer
engdoreis,"",ps-acquirer
erin-pinheiro,"",ps-acquirer
esanches,"",ps-acquirer
exsousa,"",ps-acquirer
fabiomadruga,"",ps-acquirer
fabiosako,"",ps-acquirer
falsantos,"",ps-acquirer
fas-tjoaquim,"",ps-acquirer
fbrandaouolinc,"",ps-acquirer
fcoutinho-uolinc,"",ps-acquirer
fdeckertcosta,"",ps-acquirer
fefanado,"",ps-acquirer
fehenrique-pags,"",ps-acquirer
felipe-basina,"",ps-acquirer
felipefug,"",ps-acquirer
FelipeMenezesPagBank,"",ps-acquirer
fernandoutikawa,"",ps-acquirer
fevicente,"",ps-acquirer
fguilherme404,"",ps-acquirer
Fgustavo21,"",ps-acquirer
flago-dev,"",ps-acquirer
FRezk,"",ps-acquirer
frozendo,"",ps-acquirer
furlaneto,"",ps-acquirer
fvdacesar,"",ps-acquirer
fvdbsilva,"",ps-acquirer
fvdmprieto,"",ps-acquirer
fvsantos-pags,"",ps-acquirer
Gabasco,"",ps-acquirer
gabrielacolaresr,"",ps-acquirer
gabrielcalmeida,"",ps-acquirer
gbertoluchi-pag,"",ps-acquirer
gcaselips,"",ps-acquirer
gfolegatti,"",ps-acquirer
GilbertoPags,"",ps-acquirer
gildomar-roberto,"",ps-acquirer
GiovaniFranca,"",ps-acquirer
gkonishi,"",ps-acquirer
GleibsonBorges,"",ps-acquirer
gnagib,"",ps-acquirer
gpdrsilva,"",ps-acquirer
gradson-mesquita,"",ps-acquirer
gtmartinez,"",ps-acquirer
guagostinho,"",ps-acquirer
guastallaigor,"",ps-acquirer
GuiCoppini,"",ps-acquirer
GuilhermeGatto,"",ps-acquirer
guioshiro,"",ps-acquirer
guiroliveira,"",ps-acquirer
gvaldevieso,"",ps-acquirer
hatanakadaniel,"",ps-acquirer
helderppaulo,"",ps-acquirer
hevilavio,"",ps-acquirer
hfgatti,"",ps-acquirer
higormazzola,"",ps-acquirer
hildequias,"",ps-acquirer
hutiga,"",ps-acquirer
ibagliotti,"",ps-acquirer
icardoso92,"",ps-acquirer
idd-csardi,"",ps-acquirer
idd-djapiassu,"",ps-acquirer
idd-toliveira,"",ps-acquirer
iddacosta,"",ps-acquirer
iddgsoares,"",ps-acquirer
iddidantas,"",ps-acquirer
iddjsantana,"",ps-acquirer
iddlmartins,"",ps-acquirer
iddlmoreira,"",ps-acquirer
iddmalbuquerque,"",ps-acquirer
iddmmartin,"",ps-acquirer
iddralves,"",ps-acquirer
iddrcruz,"",ps-acquirer
iddrguimaraes,"",ps-acquirer
iddscamargo,"",ps-acquirer
iddvdantas,"",ps-acquirer
igoncalves-db,"",ps-acquirer
ilfrazzon,"",ps-acquirer
imai87,"",ps-acquirer
imitsuoka,"",ps-acquirer
ivehcarvalho,"",ps-acquirer
jalmeidaps,"",ps-acquirer
jamilla-hs,"",ps-acquirer
jbailao,"",ps-acquirer
jcserpa,"",ps-acquirer
jdeuspagseguro,"",ps-acquirer
jeancostacampos,"",ps-acquirer
jeanlks,"",ps-acquirer
jeanlucasparra,"",ps-acquirer
jefersonbsa,"",ps-acquirer
jfalcao99,"",ps-acquirer
jfaria-uol,"",ps-acquirer
jlamas-ps,"",ps-acquirer
Jonathanboliveira,"",ps-acquirer
joseantoniosf,"",ps-acquirer
joseramia,"",ps-acquirer
joteixeira,"",ps-acquirer
jrmjunior,"",ps-acquirer
julianalduque,"",ps-acquirer
julianoalmeidasilva,"",ps-acquirer
juliofdourado,"",ps-acquirer
jvilelaps,"",ps-acquirer
jwiltonn,"",ps-acquirer
Karlos-Kyoto,"",ps-acquirer
kfortaleza,"",ps-acquirer
kimcavalcanti,"",ps-acquirer
kirstus,"",ps-acquirer
lais-bertoni,"",ps-acquirer
laraujo-inv,"",ps-acquirer
lcarlos-uolinc,"",ps-acquirer
leandrobudau,"",ps-acquirer
ledandre,"",ps-acquirer
lefarias,"",ps-acquirer
lenildosilva,"",ps-acquirer
leohoc,"",ps-acquirer
leostb,"",ps-acquirer
lerodrigues-pag,"",ps-acquirer
lferro1,"",ps-acquirer
lgdias213,"",ps-acquirer
LilianSantosUol,"",ps-acquirer
Liniker-xD,"",ps-acquirer
lmoritan,"",ps-acquirer
lpiva,"",ps-acquirer
luanmarcondes,"",ps-acquirer
lucasassuncao,"",ps-acquirer
lucasfe,"",ps-acquirer
lucasfigueiredoweb,"",ps-acquirer
lucasheller,"",ps-acquirer
luiz-canassa-invillia,"",ps-acquirer
luizgutierrez,"",ps-acquirer
luizroos,"",ps-acquirer
lumachado,"",ps-acquirer
lvcasrenan,"",ps-acquirer
lvjunior-ps,"",ps-acquirer
mabiosb,"",ps-acquirer
marcelo-sigueoka-pagseguro,"",ps-acquirer
marcos-tito,"",ps-acquirer
marin2,"",ps-acquirer
mariocjfilho,"",ps-acquirer
MarlosRP,"",ps-acquirer
marpriori,"",ps-acquirer
marraes,"",ps-acquirer
marrocha-ps,"",ps-acquirer
martin-uolinc,"",ps-acquirer
mateusbalconi,"",ps-acquirer
MateusVT,"",ps-acquirer
matheusaguiardevuol,"",ps-acquirer
matheusCalaca,"",ps-acquirer
matheusmss,"",ps-acquirer
mayaoliveira,"",ps-acquirer
mgregorio-ps,"",ps-acquirer
mirandastephane,"",ps-acquirer
moniqueesteves,"",ps-acquirer
moniquemoreno,"",ps-acquirer
mrvasconcelos,"",ps-acquirer
msarmento-uol,"",ps-acquirer
mykubota,"",ps-acquirer
nelsonjunior-developer,"",ps-acquirer
ngoncalvesjunior,"",ps-acquirer
nhamparsomia,"",ps-acquirer
ninogueira,"",ps-acquirer
noriakijr,"",ps-acquirer
nseawright,"",ps-acquirer
odilonjk,"",ps-acquirer
pag-rdantas,"",ps-acquirer
pag-woliveira,"",ps-acquirer
pahsilva,"",ps-acquirer
Paul0henr1qu3,"",ps-acquirer
paulogoncalo,"",ps-acquirer
paulorsm,"",ps-acquirer
PedroHamamoto,"",ps-acquirer
pedropaduan,"",ps-acquirer
pedrosymon,"",ps-acquirer
peo-lmarques,"",ps-acquirer
perimcomm,"",ps-acquirer
phelipelui,"",ps-acquirer
ppereira-pag,"",ps-acquirer
ps-jogalvao,"",ps-acquirer
ps-mstoppa,"",ps-acquirer
ps-reborges,"",ps-acquirer
ps-rmacario,"",ps-acquirer
ps-rodsilva,"",ps-acquirer
r0b1s0ng4rc14,"",ps-acquirer
rabvieira,"",ps-acquirer
radsilva93,"",ps-acquirer
rafaduka,"",ps-acquirer
rafael-sbrissa,"",ps-acquirer
rafaelbiz,"",ps-acquirer
rafaelgoncalves,"",ps-acquirer
RafaelPradoWork,"",ps-acquirer
rafaeltorress,"",ps-acquirer
rafvpereira,"",ps-acquirer
ramonmpacheco,"",ps-acquirer
rapesil,"",ps-acquirer
RaulSampaioAlves,"",ps-acquirer
rbenatti7,"",ps-acquirer
rcavallini-pags,"",ps-acquirer
rcmarchesi,"",ps-acquirer
rdoi-ps,"",ps-acquirer
renandelmonico,"",ps-acquirer
renato-batista,"",ps-acquirer
requenaalx,"",ps-acquirer
resouza,"",ps-acquirer
rferreira-pag,"",ps-acquirer
rgarcete,"",ps-acquirer
rgfirmino,"",ps-acquirer
rkina,"",ps-acquirer
robueno,"",ps-acquirer
rodrigo-mf,"",ps-acquirer
RodrigoAPrado,"",ps-acquirer
Rodzman,"",ps-acquirer
rogerioallves27,"",ps-acquirer
romneypereira,"",ps-acquirer
romotta,"",ps-acquirer
roneichiarandi,"",ps-acquirer
rpeixoto-pagseguro,"",ps-acquirer
Rsalum,"",ps-acquirer
rudilei,"",ps-acquirer
runascimento,"",ps-acquirer
rviannaoliveira,"",ps-acquirer
s2it-fbruno,"",ps-acquirer
s2it-mlima,"",ps-acquirer
s2itgzupolini,"",ps-acquirer
s2itjnascimento,"",ps-acquirer
s2itlesouza,"",ps-acquirer
s2ittramos,"",ps-acquirer
s2itvvaz,"",ps-acquirer
sammypag,"",ps-acquirer
saulocn,"",ps-acquirer
sergioserejo,"",ps-acquirer
skolenyak,"",ps-acquirer
SRGalan,"",ps-acquirer
sterodrigues,"",ps-acquirer
svacc-monterrey,"",ps-acquirer
svcacc-bootstrap,"",ps-acquirer
svcaccatlantis,"",ps-acquirer
svcaccgithub,"",ps-acquirer
svcaccintjenkins,"",ps-acquirer
svcaccjfrog,"",ps-acquirer
svcaccjirasdmaz,"",ps-acquirer
svcaccspinnaker,"",ps-acquirer
svcacgithubconfig,"",ps-acquirer
tbdourado,"",ps-acquirer
tcidrepag,"",ps-acquirer
tdaud,"",ps-acquirer
tdiascastro,"",ps-acquirer
tgarduci,"",ps-acquirer
tgeraldo,"",ps-acquirer
thaisinaba,"",ps-acquirer
thaistorres,"",ps-acquirer
thalestaiko,"",ps-acquirer
thejohnlima,"",ps-acquirer
thomazerlach,"",ps-acquirer
thpereira2020,"",ps-acquirer
tiagosantosuol,"",ps-acquirer
til-cbrandao,"",ps-acquirer
til-odiniz,"",ps-acquirer
til-rbizi,"",ps-acquirer
til-ttavares,"",ps-acquirer
tilasalgado,"",ps-acquirer
tilbrodrigues,"",ps-acquirer
tmbatista,"",ps-acquirer
tthashimoto,"",ps-acquirer
tvazpagseguro,"",ps-acquirer
uol-bdarcolitto,"",ps-acquirer
v-moraes,"",ps-acquirer
valmeida75,"",ps-acquirer
Victor-Silva96,"",ps-acquirer
viniciusconti,"",ps-acquirer
viniciusmva,"",ps-acquirer
vradan,"",ps-acquirer
vrx-wumezaki,"",ps-acquirer
vrxlrodrigues,"",ps-acquirer
vrxlsantos,"",ps-acquirer
vrxvsilva,"",ps-acquirer
vterdias,"",ps-acquirer
vtermartins,"",ps-acquirer
WagnerGouvea,"",ps-acquirer
wallacehenriquesilva,"",ps-acquirer
wellyfrs,"",ps-acquirer
wrpinheiro,"",ps-acquirer
wssoaresgit,"",ps-acquirer
ycordeiro,"",ps-acquirer
ykabuki,"",ps-acquirer
zearaujo25,"",ps-acquirer
zherro,"",ps-acquirer
abreda-mzg,"",ps-yami
agataaraujo,"",ps-yami
agcruzps,"",ps-yami
AleLira,"",ps-yami
alexrodriguesdasilva,"",ps-yami
alexsousa-sre,"",ps-yami
aromfeld,"",ps-yami
boinkbr,"",ps-yami
BruhMeh,"",ps-yami
Brun0-Gama,"",ps-yami
camiladefensor,"",ps-yami
carloscarucce,"",ps-yami
carlosnicolaups,"",ps-yami
danilooliveira88,"",ps-yami
dfonteps,"",ps-yami
diego-alves,"",ps-yami
diegocesar,"",ps-yami
dmarchetti,"",ps-yami
elvanineto,"",ps-yami
felpgoes,"",ps-yami
fernandofmendes,"",ps-yami
gcsantana,"",ps-yami
guiroliveira,"",ps-yami
guspelozzi,"",ps-yami
HugoDL,"",ps-yami
ice-joliveira,"",ps-yami
ice-tcruz,"",ps-yami
jeanfernandesComp1997,"",ps-yami
jomadee,"",ps-yami
Jonathanboliveira,"",ps-yami
JonathanCRocha,"",ps-yami
kirstus,"",ps-yami
LeonardoAMesquita,"",ps-yami
luanmarcondes,"",ps-yami
luteixeira,"",ps-yami
miferreira8,"",ps-yami
msfidelis,"",ps-yami
phelipelui,"",ps-yami
rafaduka,"",ps-yami
rafael-sbrissa,"",ps-yami
rafaelgoncalves,"",ps-yami
svcacc-bootstrap,"",ps-yami
svcaccatlantis,"",ps-yami
svcaccgithub,"",ps-yami
svcaccintjenkins,"",ps-yami
svcaccjfrog,"",ps-yami
svcaccjirasdmaz,"",ps-yami
svcaccpsjenkins,"",ps-yami
svcaccspinnaker,"",ps-yami
thaisinaba,"",ps-yami
thaz-yami,"",ps-yami
tqircruz,"",ps-yami
Tuzizon,"",ps-yami
tvazpagseguro,"",ps-yami
vbittencourt,"",ps-yami
wgrafael,"",ps-yami
436153,"",developer-productivity
abezerraa,"",developer-productivity
abnergmf,"",developer-productivity
abreda-mzg,"",developer-productivity
Adelinope,"",developer-productivity
adriano70,"",developer-productivity
aeugenio-ps,"",developer-productivity
afkklein,"",developer-productivity
ahsilvauolinc,"",developer-productivity
akondo-uol,"",developer-productivity
alanlgoncalves,"",developer-productivity
alantiel,"",developer-productivity
alberto-fragala-neto,"",developer-productivity
alcarneiropagseguro,"",developer-productivity
alesilva,"",developer-productivity
alesouza-ps,"",developer-productivity
alexanderdeoliveira,"",developer-productivity
alexandre-luz,"",developer-productivity
alexandre-marchina,"",developer-productivity
AlexeiJunior,"",developer-productivity
AlexisZS,"",developer-productivity
alexrodriguesdasilva,"",developer-productivity
alexsousa-sre,"",developer-productivity
alinecoquetolima,"",developer-productivity
alnsilva,"",developer-productivity
alpsantos-ps,"",developer-productivity
altitdb,"",developer-productivity
alucianetti,"",developer-productivity
alvesfc,"",developer-productivity
alyssonalveslima,"",developer-productivity
am53-mesposito,"",developer-productivity
am53sramos,"",developer-productivity
ameiraps,"",developer-productivity
amenuiya,"",developer-productivity
amorimgabriel,"",developer-productivity
ampcosta,"",developer-productivity
andradedbruno,"",developer-productivity
andrecristiani-ps,"",developer-productivity
andrelimasantos,"",developer-productivity
AndreLucasrs,"",developer-productivity
andrenmaia,"",developer-productivity
andsantops,"",developer-productivity
armandoneto-iteris,"",developer-productivity
aromfeld,"",developer-productivity
atilabraga,"",developer-productivity
AtilaFerrari,"",developer-productivity
augustoArtur,"",developer-productivity
avgomes,"",developer-productivity
avgxc,"",developer-productivity
billmask,"",developer-productivity
blucino,"",developer-productivity
boinkbr,"",developer-productivity
brmartinspag,"",developer-productivity
brumoriki,"",developer-productivity
Brun0-Gama,"",developer-productivity
brunasilvestre,"",developer-productivity
brunobione,"",developer-productivity
BrunoMendes97,"",developer-productivity
bturini,"",developer-productivity
caiquealexandre,"",developer-productivity
Caiuzu,"",developer-productivity
camilacardozo1,"",developer-productivity
CanisLupus000,"",developer-productivity
carlosnicolaups,"",developer-productivity
cberganton,"",developer-productivity
cendyandreoli,"",developer-productivity
cespereira,"",developer-productivity
charlesmtns,"",developer-productivity
cin-laugusto,"",developer-productivity
cin-llourenco,"",developer-productivity
cinramorim,"",developer-productivity
clovislima,"",developer-productivity
cnmaia,"",developer-productivity
cristovao23,"",developer-productivity
ctlwvargas,"",developer-productivity
cuchas,"",developer-productivity
daaraujo463,"",developer-productivity
daneebrand,"",developer-productivity
danielgracia,"",developer-productivity
DaniloDainez,"",developer-productivity
danilohenrique17,"",developer-productivity
danilooliveira88,"",developer-productivity
dcanedo,"",developer-productivity
ddeniel1,"",developer-productivity
deesouza-invillia,"",developer-productivity
dfonteps,"",developer-productivity
dgoalmeidacezar,"",developer-productivity
dgosantos89,"",developer-productivity
dguachala,"",developer-productivity
diego-alves,"",developer-productivity
diego-alves-said,"",developer-productivity
djalmalgodinho,"",developer-productivity
dlimaps,"",developer-productivity
dmarchetti,"",developer-productivity
dmendonca1,"",developer-productivity
dnobitencourt,"",developer-productivity
dnovaes,"",developer-productivity
dohenrique,"",developer-productivity
doughertvf,"",developer-productivity
douglasdionizio,"",developer-productivity
dpenaps,"",developer-productivity
drdfigueira,"",developer-productivity
dserafimpag,"",developer-productivity
dteferreira,"",developer-productivity
dysilva,"",developer-productivity
eaneto,"",developer-productivity
ebnascimentoPs,"",developer-productivity
ecallegaro,"",developer-productivity
EdcleidsonSCJ,"",developer-productivity
edersonb,"",developer-productivity
edineipiovesan,"",developer-productivity
edisleireis,"",developer-productivity
edloro,"",developer-productivity
edmsilva,"",developer-productivity
EduardoLwx,"",developer-productivity
edwindelgadoh,"",developer-productivity
efarrapo,"",developer-productivity
elaups,"",developer-productivity
eliseusantoss,"",developer-productivity
eliveltonpereira,"",developer-productivity
eloro,"",developer-productivity
elvanineto,"",developer-productivity
EnKaizer,"",developer-productivity
eriveltonfacundo,"",developer-productivity
eriveltonmoreira,"",developer-productivity
ernanehun,"",developer-productivity
esanches,"",developer-productivity
esantana05,"",developer-productivity
estaife,"",developer-productivity
evertonbelarminoPS,"",developer-productivity
fabi-santos,"",developer-productivity
fabiano-santos-fb,"",developer-productivity
fabianotqi,"",developer-productivity
fabiosako,"",developer-productivity
fabriciofelipe,"",developer-productivity
fehenrique-pags,"",developer-productivity
felipe-avm-araujo,"",developer-productivity
felipe-basina,"",developer-productivity
felipe-toshio,"",developer-productivity
felipeCabrini-pag,"",developer-productivity
felipedguimaraes,"",developer-productivity
felipenehmi,"",developer-productivity
felipesilvatqi,"",developer-productivity
femello-uolps,"",developer-productivity
fernandoerico,"",developer-productivity
fernandofmendes,"",developer-productivity
FernandoGabane,"",developer-productivity
fernandogodoy,"",developer-productivity
fernandorivolta,"",developer-productivity
Fgustavo21,"",developer-productivity
FilipeThome,"",developer-productivity
fkazuyoshi-han,"",developer-productivity
flago-dev,"",developer-productivity
flpmartins88,"",developer-productivity
fmarinhos,"",developer-productivity
fpierin,"",developer-productivity
FranclinC,"",developer-productivity
fredoliveira-ca,"",developer-productivity
Frenvius,"",developer-productivity
ftgouveia,"",developer-productivity
furlaneto,"",developer-productivity
fvdmprieto,"",developer-productivity
fvsantos-pags,"",developer-productivity
gabrielcalmeida,"",developer-productivity
gabriellucius,"",developer-productivity
gabrielnobregal,"",developer-productivity
gcsantana,"",developer-productivity
gcuppi,"",developer-productivity
gelopes-pags,"",developer-productivity
geraldofcneto,"",developer-productivity
gersonsouzainv,"",developer-productivity
gfolegatti,"",developer-productivity
ghbarros,"",developer-productivity
gildomar-roberto,"",developer-productivity
GiovaniFranca,"",developer-productivity
gleydson404,"",developer-productivity
glopeso,"",developer-productivity
gmandrade21,"",developer-productivity
gnagib,"",developer-productivity
gradson-mesquita,"",developer-productivity
grecio-pags,"",developer-productivity
gruutak,"",developer-productivity
gsdsilva,"",developer-productivity
guagostinho,"",developer-productivity
GuihToledo,"",developer-productivity
guilhermenagatomo,"",developer-productivity
GuinaCosta,"",developer-productivity
guioshiro,"",developer-productivity
guiroliveira,"",developer-productivity
guisena888,"",developer-productivity
gustavoballeste,"",developer-productivity
halissonsj,"",developer-productivity
hatanakadaniel,"",developer-productivity
helderppaulo,"",developer-productivity
helsilvapags,"",developer-productivity
hevangelista,"",developer-productivity
hevilavio,"",developer-productivity
hfgatti,"",developer-productivity
hramos-ps,"",developer-productivity
hugoalexandrosouza,"",developer-productivity
HugoDL,"",developer-productivity
hutiga,"",developer-productivity
IamLuiz,"",developer-productivity
ice-esobral,"",developer-productivity
ice-gsenra,"",developer-productivity
ice-joliveira,"",developer-productivity
ice-tcruz,"",developer-productivity
iceaduarte,"",developer-productivity
iceggouvea,"",developer-productivity
icerlima,"",developer-productivity
idd-djapiassu,"",developer-productivity
idd-eborges,"",developer-productivity
idd-eoliveira,"",developer-productivity
idd-iguimaraes,"",developer-productivity
idd-isaturnino,"",developer-productivity
idd-jcruz,"",developer-productivity
idd-jgaban,"",developer-productivity
idd-jpinheiro,"",developer-productivity
idd-lsilva,"",developer-productivity
idd-rcardoso,"",developer-productivity
idd-rchicone,"",developer-productivity
idd-rcorreia,"",developer-productivity
idd-rornelas,"",developer-productivity
idd-soliveira,"",developer-productivity
idd-tmaciel,"",developer-productivity
idd-toliveira,"",developer-productivity
idd-tsantos,"",developer-productivity
idd-villa,"",developer-productivity
iddarosa,"",developer-productivity
iddbsantos,"",developer-productivity
iddbsilva,"",developer-productivity
iddesilva,"",developer-productivity
iddftavares,"",developer-productivity
iddgsoares,"",developer-productivity
iddidantas,"",developer-productivity
iddjsantana,"",developer-productivity
iddldionizio,"",developer-productivity
iddleandro,"",developer-productivity
iddlmartins,"",developer-productivity
iddlmoreira,"",developer-productivity
iddmsilva,"",developer-productivity
iddralves,"",developer-productivity
iddrcruz,"",developer-productivity
iddvreis,"",developer-productivity
igorHenriqueAraujo,"",developer-productivity
igoruol,"",developer-productivity
imitsuoka,"",developer-productivity
invillia-rmaximiano,"",developer-productivity
ivanabilio001,"",developer-productivity
ivehcarvalho,"",developer-productivity
izaquieluolinc,"",developer-productivity
jadsonpags,"",developer-productivity
jaisonschmidt,"",developer-productivity
jalmeidaps,"",developer-productivity
jcserpa,"",developer-productivity
jdeuspagseguro,"",developer-productivity
jeancostacampos,"",developer-productivity
JeanGoncalves,"",developer-productivity
jeanlks,"",developer-productivity
jeanlucasparra,"",developer-productivity
jefersonbsa,"",developer-productivity
Jefferson-Braz,"",developer-productivity
jefferson-vieira,"",developer-productivity
jeffersonferraric,"",developer-productivity
jenniferjmorais,"",developer-productivity
jimmyhendris,"",developer-productivity
jlamas-ps,"",developer-productivity
jogomes-ps,"",developer-productivity
jonatasteixeira,"",developer-productivity
Jonathanboliveira,"",developer-productivity
JonathanCRocha,"",developer-productivity
josianeReis,"",developer-productivity
josielrocha,"",developer-productivity
jrmjunior,"",developer-productivity
juanmramos,"",developer-productivity
JudilsonCosta,"",developer-productivity
julianalduque,"",developer-productivity
julio-pieri,"",developer-productivity
juliosampaio,"",developer-productivity
Karina-Nakashima,"",developer-productivity
kauevidal,"",developer-productivity
kbatista-ps,"",developer-productivity
kirstus,"",developer-productivity
ksilvano,"",developer-productivity
lais-bertoni,"",developer-productivity
lcarlos-uolinc,"",developer-productivity
ledandre,"",developer-productivity
lefarias,"",developer-productivity
leohoc,"",developer-productivity
LeonardoDG2084,"",developer-productivity
lerodrigues-pag,"",developer-productivity
LiegeLopes,"",developer-productivity
LilianSantosUol,"",developer-productivity
Liniker-xD,"",developer-productivity
lipaula,"",developer-productivity
lmatzenbache,"",developer-productivity
lmendes8894,"",developer-productivity
lmoritan,"",developer-productivity
loehard,"",developer-productivity
lorloski,"",developer-productivity
lourranZorziUolInc,"",developer-productivity
lsferracini,"",developer-productivity
luanmarcondes,"",developer-productivity
lucasaquiles,"",developer-productivity
lucasbrigida,"",developer-productivity
LucasdeCastro,"",developer-productivity
lucasfigueiredoweb,"",developer-productivity
LucasGallotta,"",developer-productivity
lucasheller,"",developer-productivity
luisfpb,"",developer-productivity
luiz-canassa-invillia,"",developer-productivity
luizgutierrez,"",developer-productivity
luizroos,"",developer-productivity
lusimoes,"",developer-productivity
luteixeira,"",developer-productivity
luzejunior,"",developer-productivity
lvolfe,"",developer-productivity
m1theus,"",developer-productivity
macieleds,"",developer-productivity
mageddo,"",developer-productivity
malikoski-pag,"",developer-productivity
marcellafarias,"",developer-productivity
marcelommr,"",developer-productivity
marceloomoto,"",developer-productivity
MarcioBGomes,"",developer-productivity
MarcioCosta78,"",developer-productivity
marciorc,"",developer-productivity
MarcoAndrade-Pags,"",developer-productivity
marcoostan,"",developer-productivity
marcusdacoregiopag,"",developer-productivity
marin2,"",developer-productivity
MarlosRP,"",developer-productivity
marrocha-ps,"",developer-productivity
matheusmessora,"",developer-productivity
matheusmss,"",developer-productivity
mauricio-sousa,"",developer-productivity
mazevedo7,"",developer-productivity
mbazaga-ps,"",developer-productivity
mbmarazzi,"",developer-productivity
mcl085,"",developer-productivity
meduardo,"",developer-productivity
mgregorio-ps,"",developer-productivity
mharnischpag,"",developer-productivity
MicaelBrito,"",developer-productivity
miferreira8,"",developer-productivity
mmachadofe,"",developer-productivity
moniqueesteves,"",developer-productivity
moniquemoreno,"",developer-productivity
mrit,"",developer-productivity
msarmento-uol,"",developer-productivity
msfidelis,"",developer-productivity
murilodourado,"",developer-productivity
ninogueira,"",developer-productivity
nseawright,"",developer-productivity
odilonjk,"",developer-productivity
oelopes,"",developer-productivity
olavoparno,"",developer-productivity
omegamendes,"",developer-productivity
patricia-ramos,"",developer-productivity
paulkjoseph,"",developer-productivity
paulovieiraa,"",developer-productivity
PedroHamamoto,"",developer-productivity
pedropaduan,"",developer-productivity
pedroPolonea,"",developer-productivity
pedrosymon,"",developer-productivity
perimcomm,"",developer-productivity
phelipelui,"",developer-productivity
PlinioHeOliveira,"",developer-productivity
ps-dcorrea,"",developer-productivity
ps-josesouza,"",developer-productivity
ps-mstoppa,"",developer-productivity
ps-rmacario,"",developer-productivity
ps-rodsilva,"",developer-productivity
ps-tbezerra,"",developer-productivity
r0b1s0ng4rc14,"",developer-productivity
rabvieira,"",developer-productivity
radames-santiago,"",developer-productivity
radsilva93,"",developer-productivity
rafabto,"",developer-productivity
rafaduka,"",developer-productivity
rafael-sbrissa,"",developer-productivity
rafaelbiz,"",developer-productivity
rafaelcarmonagil,"",developer-productivity
rafaelcavasani,"",developer-productivity
rafaelgoncalves,"",developer-productivity
RafaelPradoWork,"",developer-productivity
rafaelroza2,"",developer-productivity
ramonmpacheco,"",developer-productivity
rchibana,"",developer-productivity
rcmarchesi,"",developer-productivity
rdoi-ps,"",developer-productivity
renatofmsoares,"",developer-productivity
renatoguarato,"",developer-productivity
renatoholanda,"",developer-productivity
requenaalx,"",developer-productivity
rgfirmino,"",developer-productivity
rgleme,"",developer-productivity
ricardoplens,"",developer-productivity
rjmanzoni,"",developer-productivity
rjsilveira,"",developer-productivity
rkoszalka,"",developer-productivity
rleoneti,"",developer-productivity
rndtavares,"",developer-productivity
Robertaison,"",developer-productivity
robson98,"",developer-productivity
RodrigoAPrado,"",developer-productivity
Rodzman,"",developer-productivity
rofelipe,"",developer-productivity
rogerioallves27,"",developer-productivity
romonteirouol,"",developer-productivity
romotta,"",developer-productivity
rsabio-pags,"",developer-productivity
rsanchez-pags,"",developer-productivity
rumd3x,"",developer-productivity
rvicente11,"",developer-productivity
rvisconde,"",developer-productivity
ryoshino14,"",developer-productivity
s2it-fbruno,"",developer-productivity
s2it-gpires,"",developer-productivity
s2it-hrodrigues,"",developer-productivity
s2it-mlima,"",developer-productivity
s2itgcoleta,"",developer-productivity
s2itgzupolini,"",developer-productivity
s2itjsantos,"",developer-productivity
s2itlmaturo,"",developer-productivity
s2itlpinto,"",developer-productivity
s2itmthomaz,"",developer-productivity
s2itppoli,"",developer-productivity
s2itralberto,"",developer-productivity
s2ittramos,"",developer-productivity
s2itvluis,"",developer-productivity
shelcickyPs,"",developer-productivity
Shorang,"",developer-productivity
silvgabriel,"",developer-productivity
sterodrigues,"",developer-productivity
svcacc-bootstrap,"",developer-productivity
svcaccatlantis,"",developer-productivity
svcaccintjenkins,"",developer-productivity
svcaccjfrog,"",developer-productivity
svcaccjirasdmaz,"",developer-productivity
svcaccpsjenkins,"",developer-productivity
svcaccspinnaker,"",developer-productivity
tacitolima,"",developer-productivity
tatianimeneghini,"",developer-productivity
tcanascimento,"",developer-productivity
tcidrepag,"",developer-productivity
tcustodio86,"",developer-productivity
tdaud,"",developer-productivity
terciosantos,"",developer-productivity
tgeraldo,"",developer-productivity
thaisinaba,"",developer-productivity
thhilario,"",developer-productivity
thiago-franzini,"",developer-productivity
thiago-trindade,"",developer-productivity
thiagoberbel,"",developer-productivity
thiagofuda,"",developer-productivity
thiagolinoz,"",developer-productivity
ThiagoWaishaupt,"",developer-productivity
thiagoxpaiva,"",developer-productivity
tiagosantosuol,"",developer-productivity
til-ttavares,"",developer-productivity
tilbrodrigues,"",developer-productivity
tilhsilva,"",developer-productivity
tilscarvalho,"",developer-productivity
tmbatista,"",developer-productivity
tpuccinelli,"",developer-productivity
tqi-aborges,"",developer-productivity
tqi-csouza,"",developer-productivity
tqi-gstorti,"",developer-productivity
tqi-mmarques,"",developer-productivity
tqi-palmeida,"",developer-productivity
tqiacosta,"",developer-productivity
tqialeite,"",developer-productivity
tqidleite,"",developer-productivity
tqieroberto,"",developer-productivity
tqiholiveira,"",developer-productivity
tqikmendonca,"",developer-productivity
tqilsouza,"",developer-productivity
tqimfaria,"",developer-productivity
tqiosouza,"",developer-productivity
tqircruz,"",developer-productivity
tqirmanzan,"",developer-productivity
tqirpereira,"",developer-productivity
tqivanderjunior,"",developer-productivity
tvazpagseguro,"",developer-productivity
uol-bdarcolitto,"",developer-productivity
valmeida75,"",developer-productivity
vbittencourt,"",developer-productivity
vicalixto,"",developer-productivity
vicpereira,"",developer-productivity
viniciusconti,"",developer-productivity
ViniciusLimaFernandes,"",developer-productivity
viniciuspag,"",developer-productivity
viniciusrodrigues1,"",developer-productivity
VivianDuarte,"",developer-productivity
vmoliveira-uol,"",developer-productivity
vradan,"",developer-productivity
vrxlsantos,"",developer-productivity
vyniciuspontes,"",developer-productivity
wallacehenriquesilva,"",developer-productivity
wc-andrade,"",developer-productivity
wellyfrs,"",developer-productivity
wesleyimamura,"",developer-productivity
wgrafael,"",developer-productivity
williamsouto,"",developer-productivity
williansilvan,"",developer-productivity
wnabechima,"",developer-productivity
wrpinheiro,"",developer-productivity
yasmindias,"",developer-productivity
zearaujo25,"",developer-productivity
zherro,"",developer-productivity
abarranco-ps,"",pagseguro-core
abezerraa,"",pagseguro-core
abnergmf,"",pagseguro-core
abreda-mzg,"",pagseguro-core
abruscino-eng,"",pagseguro-core
adiegues-zz,"",pagseguro-core
adriangonc,"",pagseguro-core
adriano70,"",pagseguro-core
adrsantin,"",pagseguro-core
aferrenha,"",pagseguro-core
afkklein,"",pagseguro-core
afsborges,"",pagseguro-core
aguarnier,"",pagseguro-core
ahsilvauolinc,"",pagseguro-core
alanlgoncalves,"",pagseguro-core
alantiel,"",pagseguro-core
alberto-fragala-neto,"",pagseguro-core
alcebiadessantana,"",pagseguro-core
alesilva,"",pagseguro-core
Alessandra-dmartin,"",pagseguro-core
alexanderdeoliveira,"",pagseguro-core
alexandre-marchina,"",pagseguro-core
AlexisZS,"",pagseguro-core
alexrodriguesdasilva,"",pagseguro-core
Aline-Barreto,"",pagseguro-core
alinecoquetolima,"",pagseguro-core
almedeiro,"",pagseguro-core
alnsilva,"",pagseguro-core
alpsantos-ps,"",pagseguro-core
alucianetti,"",pagseguro-core
alvesfc,"",pagseguro-core
alyssonalveslima,"",pagseguro-core
am53-mesposito,"",pagseguro-core
am53sramos,"",pagseguro-core
amandaventurin,"",pagseguro-core
ameiraps,"",pagseguro-core
amenuiya,"",pagseguro-core
ampcosta,"",pagseguro-core
anaaoki,"",pagseguro-core
andersonviana,"",pagseguro-core
andradedbruno,"",pagseguro-core
andrecristiani-ps,"",pagseguro-core
andrelenon,"",pagseguro-core
andrelimasantos,"",pagseguro-core
andreluizfran,"",pagseguro-core
andrenmaia,"",pagseguro-core
andvicente,"",pagseguro-core
anpaula,"",pagseguro-core
armandoneto-iteris,"",pagseguro-core
aromfeld,"",pagseguro-core
arsilvaar,"",pagseguro-core
Arsousa234,"",pagseguro-core
asakatauskas-pagseguro,"",pagseguro-core
AtilaFerrari,"",pagseguro-core
augustoArtur,"",pagseguro-core
augustobmoura,"",pagseguro-core
AugustoCalado,"",pagseguro-core
avgxc,"",pagseguro-core
b0nn13,"",pagseguro-core
babifcastro,"",pagseguro-core
bapadua,"",pagseguro-core
bernardolobato,"",pagseguro-core
blagusps,"",pagseguro-core
bmatsuda,"",pagseguro-core
bmazzi,"",pagseguro-core
bonaiva,"",pagseguro-core
bonifacio,"",pagseguro-core
boskovisch,"",pagseguro-core
brow-joe,"",pagseguro-core
brunasilvestre,"",pagseguro-core
bruno-fcarvalho,"",pagseguro-core
brunobione,"",pagseguro-core
brunodonatob,"",pagseguro-core
brunoluzardi,"",pagseguro-core
BrunoMendes97,"",pagseguro-core
bturini,"",pagseguro-core
caiodesign,"",pagseguro-core
caiopapai,"",pagseguro-core
caiquealexandre,"",pagseguro-core
camilacardozo1,"",pagseguro-core
Carlos-Ot,"",pagseguro-core
carlosnicolaups,"",pagseguro-core
CarolGalvao,"",pagseguro-core
casseb,"",pagseguro-core
cavieira-uolinc,"",pagseguro-core
cce-cneves,"",pagseguro-core
cegoncalves,"",pagseguro-core
cendyandreoli,"",pagseguro-core
cespereira,"",pagseguro-core
charlesmtns,"",pagseguro-core
chmateus,"",pagseguro-core
chrisjullian,"",pagseguro-core
cin-laugusto,"",pagseguro-core
cin-llourenco,"",pagseguro-core
cinfrangel,"",pagseguro-core
cintiapedroso,"",pagseguro-core
cnmaia,"",pagseguro-core
ctl-acadini,"",pagseguro-core
ctl-aportes,"",pagseguro-core
ctl-djung,"",pagseguro-core
ctl-emallmann,"",pagseguro-core
ctl-jferreira,"",pagseguro-core
ctl-rcoimbra,"",pagseguro-core
ctldwillig,"",pagseguro-core
ctlfneves,"",pagseguro-core
ctlwvargas,"",pagseguro-core
daabreu-uol,"",pagseguro-core
daaraujo463,"",pagseguro-core
DamianosSotirakis,"",pagseguro-core
danascimento,"",pagseguro-core
daneebrand,"",pagseguro-core
DanielEderFilho,"",pagseguro-core
danielgracia,"",pagseguro-core
danielppereira,"",pagseguro-core
DaniloDainez,"",pagseguro-core
danilohenrique17,"",pagseguro-core
danilomendes11,"",pagseguro-core
danilooliveira88,"",pagseguro-core
daniloyamamoto,"",pagseguro-core
dannylo,"",pagseguro-core
danvitoriano,"",pagseguro-core
davi-sande,"",pagseguro-core
davidcacau-inv,"",pagseguro-core
ddeniel1,"",pagseguro-core
DenisSMoreira,"",pagseguro-core
denniscoutinho,"",pagseguro-core
densalazar,"",pagseguro-core
depaulavini,"",pagseguro-core
dfelix82,"",pagseguro-core
dfonteps,"",pagseguro-core
dgoalmeidacezar,"",pagseguro-core
dgosantos89,"",pagseguro-core
dguachala,"",pagseguro-core
diego-alves,"",pagseguro-core
diego-alves-said,"",pagseguro-core
diego-machado-ti,"",pagseguro-core
diegoalexandrepags,"",pagseguro-core
diegocesar,"",pagseguro-core
diegohenr,"",pagseguro-core
diegolsouzaa,"",pagseguro-core
dimebemer,"",pagseguro-core
diogoouterelo,"",pagseguro-core
dlimaps,"",pagseguro-core
dmarchetti,"",pagseguro-core
dmendonca1,"",pagseguro-core
dnobitencourt,"",pagseguro-core
doEinstein,"",pagseguro-core
dolivermetal,"",pagseguro-core
doughertvf,"",pagseguro-core
douglasdionizio,"",pagseguro-core
dpaulo-almeida,"",pagseguro-core
dpenaps,"",pagseguro-core
drdfigueira,"",pagseguro-core
dribeirops,"",pagseguro-core
Droissor,"",pagseguro-core
drufato,"",pagseguro-core
dserafimpag,"",pagseguro-core
dteferreira,"",pagseguro-core
dysilva,"",pagseguro-core
eaneto,"",pagseguro-core
edersonb,"",pagseguro-core
edineipiovesan,"",pagseguro-core
edisleireis,"",pagseguro-core
ednaldofranco,"",pagseguro-core
edwindelgadoh,"",pagseguro-core
efarrapo,"",pagseguro-core
efnascimento,"",pagseguro-core
eiAlex,"",pagseguro-core
elaups,"",pagseguro-core
eliseusantoss,"",pagseguro-core
EnKaizer,"",pagseguro-core
esanches,"",pagseguro-core
esantana05,"",pagseguro-core
exsousa,"",pagseguro-core
fabi-santos,"",pagseguro-core
fabiano-santos-fb,"",pagseguro-core
fabiomadruga,"",pagseguro-core
fabiosako,"",pagseguro-core
fabiovn,"",pagseguro-core
fabriciofelipe,"",pagseguro-core
FagnerJoao-QA,"",pagseguro-core
falsantos,"",pagseguro-core
FariasVictorPS,"",pagseguro-core
FaveroFerreira,"",pagseguro-core
fbrandaouolinc,"",pagseguro-core
febpetroni,"",pagseguro-core
fehenrique-pags,"",pagseguro-core
felipe-basina,"",pagseguro-core
felipe-toshio,"",pagseguro-core
felipeCabrini-pag,"",pagseguro-core
felipedguimaraes,"",pagseguro-core
felipeluzps,"",pagseguro-core
felizi,"",pagseguro-core
fernandoerico,"",pagseguro-core
FernandoGabane,"",pagseguro-core
fernandogodoy,"",pagseguro-core
fernandoutikawa,"",pagseguro-core
fescalhao,"",pagseguro-core
fevicente,"",pagseguro-core
fguilherme404,"",pagseguro-core
Fgustavo21,"",pagseguro-core
FilipeTagliacozzi,"",pagseguro-core
flavioso16,"",pagseguro-core
flpmartins88,"",pagseguro-core
fmcarneiro,"",pagseguro-core
Fnadona,"",pagseguro-core
folimpio,"",pagseguro-core
fpierin,"",pagseguro-core
fpontes-ps,"",pagseguro-core
FRezk,"",pagseguro-core
frobertomoura,"",pagseguro-core
frozendo,"",pagseguro-core
ftgouveia,"",pagseguro-core
ftmorais,"",pagseguro-core
furlaneto,"",pagseguro-core
furtadodiogo,"",pagseguro-core
fvdmprieto,"",pagseguro-core
fvsantos-pags,"",pagseguro-core
g-lach,"",pagseguro-core
gabriellucius,"",pagseguro-core
gabrielnobregal,"",pagseguro-core
gcaselips,"",pagseguro-core
gcuppi,"",pagseguro-core
geraldofcneto,"",pagseguro-core
gerffson,"",pagseguro-core
gersonsouzainv,"",pagseguro-core
gfolegatti,"",pagseguro-core
gildomar-roberto,"",pagseguro-core
GiovaniFranca,"",pagseguro-core
githubpscore,"",pagseguro-core
GleibsonBorges,"",pagseguro-core
gnagib,"",pagseguro-core
grecio-pags,"",pagseguro-core
gruutak,"",pagseguro-core
gtmartinez,"",pagseguro-core
guagostinho,"",pagseguro-core
guhenrique-ps,"",pagseguro-core
GuiCoppini,"",pagseguro-core
GuihToledo,"",pagseguro-core
guilhermenagatomo,"",pagseguro-core
guilhermesalmeida,"",pagseguro-core
GuilhermeVieira,"",pagseguro-core
GuinaCosta,"",pagseguro-core
guioshiro,"",pagseguro-core
guisena888,"",pagseguro-core
gulloa20,"",pagseguro-core
gustavo-cunha-inc,"",pagseguro-core
gustavoballeste,"",pagseguro-core
gustavolima10,"",pagseguro-core
hatanakadaniel,"",pagseguro-core
helderlinhares,"",pagseguro-core
helderppaulo,"",pagseguro-core
Helio-Osako,"",pagseguro-core
helsilvapags,"",pagseguro-core
hevilavio,"",pagseguro-core
hfgatti,"",pagseguro-core
hromeniqueps,"",pagseguro-core
hutiga,"",pagseguro-core
IamLuiz,"",pagseguro-core
ICamolesi,"",pagseguro-core
icardoso92,"",pagseguro-core
ice-lfernandes,"",pagseguro-core
ice-mmelo,"",pagseguro-core
ice-pmenezes,"",pagseguro-core
ice-tcruz,"",pagseguro-core
iceaduarte,"",pagseguro-core
icebzambotti,"",pagseguro-core
icedsantos,"",pagseguro-core
iceggouvea,"",pagseguro-core
icemsales,"",pagseguro-core
icerlima,"",pagseguro-core
idd-csilva,"",pagseguro-core
idd-djapiassu,"",pagseguro-core
idd-glodi,"",pagseguro-core
idd-iguimaraes,"",pagseguro-core
idd-isaturnino,"",pagseguro-core
idd-jcruz,"",pagseguro-core
idd-jsilva,"",pagseguro-core
idd-lsilva,"",pagseguro-core
idd-mmachado,"",pagseguro-core
idd-rchicone,"",pagseguro-core
idd-rornelas,"",pagseguro-core
idd-soliveira,"",pagseguro-core
idd-tmaciel,"",pagseguro-core
idd-toliveira,"",pagseguro-core
idd-tsalla,"",pagseguro-core
idd-villa,"",pagseguro-core
iddabraga,"",pagseguro-core
iddacosta,"",pagseguro-core
iddalana,"",pagseguro-core
iddanunes,"",pagseguro-core
iddarosa,"",pagseguro-core
iddbsantos,"",pagseguro-core
iddbsilva,"",pagseguro-core
iddcproft,"",pagseguro-core
idddfreitas,"",pagseguro-core
iddepereira,"",pagseguro-core
iddesilva,"",pagseguro-core
iddffontoura,"",pagseguro-core
iddftavares,"",pagseguro-core
iddgsoares,"",pagseguro-core
iddidantas,"",pagseguro-core
iddinunes,"",pagseguro-core
iddjreis,"",pagseguro-core
iddjsantana,"",pagseguro-core
iddjsantos,"",pagseguro-core
iddlmartins,"",pagseguro-core
iddlmoreira,"",pagseguro-core
iddmmartin,"",pagseguro-core
iddmsilva,"",pagseguro-core
iddpzorrilla,"",pagseguro-core
iddralves,"",pagseguro-core
iddrcruz,"",pagseguro-core
iddvdantas,"",pagseguro-core
iddvreis,"",pagseguro-core
igoncalves-db,"",pagseguro-core
IgorCarvalhoUol,"",pagseguro-core
igorHenriqueAraujo,"",pagseguro-core
IgorLpsPagseg,"",pagseguro-core
imai87,"",pagseguro-core
imitsuoka,"",pagseguro-core
inoriegapags,"",pagseguro-core
invillia-rmaximiano,"",pagseguro-core
ivehcarvalho,"",pagseguro-core
izaquieluolinc,"",pagseguro-core
jadsonpags,"",pagseguro-core
jaisonschmidt,"",pagseguro-core
jalmeidaps,"",pagseguro-core
jamilla-hs,"",pagseguro-core
jarturp,"",pagseguro-core
jcarlosanast,"",pagseguro-core
jcerqueirameira,"",pagseguro-core
jdeuspagseguro,"",pagseguro-core
jealmeidauolinc,"",pagseguro-core
JeanGoncalves,"",pagseguro-core
jeanlks,"",pagseguro-core
jeanlucasparra,"",pagseguro-core
jefersonbsa,"",pagseguro-core
jefferbrandao,"",pagseguro-core
jefferson-vieira,"",pagseguro-core
jeffersonferraric,"",pagseguro-core
jenniferjmorais,"",pagseguro-core
jennyferbelarmino,"",pagseguro-core
jfaria-uol,"",pagseguro-core
jhorodrigues,"",pagseguro-core
jlamas-ps,"",pagseguro-core
jmendesuol,"",pagseguro-core
jmoraisgov,"",pagseguro-core
joaoabrodrigues,"",pagseguro-core
jonatasinvillia,"",pagseguro-core
Jonathanboliveira,"",pagseguro-core
JonathanCRocha,"",pagseguro-core
joseantoniosf,"",pagseguro-core
joseeduardojuliano,"",pagseguro-core
joseramia,"",pagseguro-core
josielrocha,"",pagseguro-core
jpaulineli,"",pagseguro-core
jrmjunior,"",pagseguro-core
jsantanajr,"",pagseguro-core
JudilsonCosta,"",pagseguro-core
julianalduque,"",pagseguro-core
julianoalmeidasilva,"",pagseguro-core
julio-pieri,"",pagseguro-core
juliofdourado,"",pagseguro-core
jvelapagseguro,"",pagseguro-core
jvernieri,"",pagseguro-core
jvilelaps,"",pagseguro-core
jvzenaro,"",pagseguro-core
Karina-Nakashima,"",pagseguro-core
Karlos-Kyoto,"",pagseguro-core
kauevidal,"",pagseguro-core
kbatista-ps,"",pagseguro-core
kimcavalcanti,"",pagseguro-core
kirstus,"",pagseguro-core
kseuzebio,"",pagseguro-core
ksilvano,"",pagseguro-core
laerteg,"",pagseguro-core
lais-bertoni,"",pagseguro-core
laislandin1,"",pagseguro-core
leandrobudau,"",pagseguro-core
leandroeog,"",pagseguro-core
ledandre,"",pagseguro-core
lefarias,"",pagseguro-core
leohoc,"",pagseguro-core
leonardold,"",pagseguro-core
leostb,"",pagseguro-core
lerodrigues-pag,"",pagseguro-core
ligiamoreira,"",pagseguro-core
Liniker-xD,"",pagseguro-core
lipaula,"",pagseguro-core
lmoritan,"",pagseguro-core
lopesuol,"",pagseguro-core
lorloski,"",pagseguro-core
lorsilva-fe,"",pagseguro-core
lourranZorziUolInc,"",pagseguro-core
LoysGibertoni,"",pagseguro-core
lsferracini,"",pagseguro-core
LuanDamascenoUOLinc,"",pagseguro-core
luanmarcondes,"",pagseguro-core
lucasaquiles,"",pagseguro-core
lucasbrigida,"",pagseguro-core
lucascostauolinc,"",pagseguro-core
lucasfigueiredoweb,"",pagseguro-core
lucasheller,"",pagseguro-core
lucasmarinds,"",pagseguro-core
lucribeirops,"",pagseguro-core
luisfpb,"",pagseguro-core
luiz-canassa-invillia,"",pagseguro-core
luizgutierrez,"",pagseguro-core
luizroos,"",pagseguro-core
luteixeira,"",pagseguro-core
lvcasrenan,"",pagseguro-core
lvjunior-ps,"",pagseguro-core
lvolfe,"",pagseguro-core
m1theus,"",pagseguro-core
macieleds,"",pagseguro-core
mageddo,"",pagseguro-core
malikoski-pag,"",pagseguro-core
manhani-felipe,"",pagseguro-core
marcellafarias,"",pagseguro-core
MarcioBGomes,"",pagseguro-core
MarcioCosta78,"",pagseguro-core
marciorc,"",pagseguro-core
marin2,"",pagseguro-core
mariocjfilho,"",pagseguro-core
MarioJunio,"",pagseguro-core
marisborges,"",pagseguro-core
MarlosRP,"",pagseguro-core
marraes,"",pagseguro-core
MateusVT,"",pagseguro-core
mathefelix,"",pagseguro-core
matheusCalaca,"",pagseguro-core
matheusmessora,"",pagseguro-core
matheusmss,"",pagseguro-core
mathgraca,"",pagseguro-core
max-willian,"",pagseguro-core
mayaoliveira,"",pagseguro-core
mazevedo7,"",pagseguro-core
mbmarazzi,"",pagseguro-core
medina-luke,"",pagseguro-core
meduardo,"",pagseguro-core
mfsuzigan,"",pagseguro-core
mgregorio-ps,"",pagseguro-core
mharnischpag,"",pagseguro-core
MicaelBrito,"",pagseguro-core
MichaelBrendo,"",pagseguro-core
mirandastephane,"",pagseguro-core
mizidiopag,"",pagseguro-core
mmachadofe,"",pagseguro-core
mmsdivino,"",pagseguro-core
moniquemoreno,"",pagseguro-core
mourodrigo,"",pagseguro-core
mpalos,"",pagseguro-core
mrit,"",pagseguro-core
mroger-oliveira,"",pagseguro-core
mrvasconcelos,"",pagseguro-core
msarmento-uol,"",pagseguro-core
MTVA,"",pagseguro-core
murilodourado,"",pagseguro-core
nafernanda,"",pagseguro-core
nelsonjunior-developer,"",pagseguro-core
nhamparsomia,"",pagseguro-core
ninogueira,"",pagseguro-core
noriakijr,"",pagseguro-core
npcarvalho,"",pagseguro-core
nseawright,"",pagseguro-core
odilonjk,"",pagseguro-core
olavoparno,"",pagseguro-core
omegamendes,"",pagseguro-core
otavioremedio,"",pagseguro-core
padovese,"",pagseguro-core
pag-rdantas,"",pagseguro-core
pag-woliveira,"",pagseguro-core
pahsilva,"",pagseguro-core
palomabareli,"",pagseguro-core
pantaps,"",pagseguro-core
patricia-ramos,"",pagseguro-core
Paul0henr1qu3,"",pagseguro-core
paulkjoseph,"",pagseguro-core
paulo1911,"",pagseguro-core
paulogoncalo,"",pagseguro-core
paulorsm,"",pagseguro-core
paulovieiraa,"",pagseguro-core
pborgespag,"",pagseguro-core
PChiesa,"",pagseguro-core
PedraoFerreira,"",pagseguro-core
pedropaduan,"",pagseguro-core
pedroPolonea,"",pagseguro-core
pedrorago,"",pagseguro-core
pedrosymon,"",pagseguro-core
pegomesolv,"",pagseguro-core
peo-lmarques,"",pagseguro-core
peoagottardi,"",pagseguro-core
perimcomm,"",pagseguro-core
petersonsalme,"",pagseguro-core
phelipelui,"",pagseguro-core
phscastro,"",pagseguro-core
PlinioHeOliveira,"",pagseguro-core
ps-bruno-nogueira,"",pagseguro-core
ps-dcorrea,"",pagseguro-core
ps-diego-marques,"",pagseguro-core
ps-elton,"",pagseguro-core
ps-hmatias,"",pagseguro-core
ps-jogalvao,"",pagseguro-core
ps-josesouza,"",pagseguro-core
ps-rmacario,"",pagseguro-core
ps-rodsilva,"",pagseguro-core
ps-tbezerra,"",pagseguro-core
r0b1s0ng4rc14,"",pagseguro-core
rabvieira,"",pagseguro-core
radames-santiago,"",pagseguro-core
radsilva93,"",pagseguro-core
rafaduka,"",pagseguro-core
rafael-sbrissa,"",pagseguro-core
rafaelcarmonagil,"",pagseguro-core
RafaelPradoWork,"",pagseguro-core
rafaelroza2,"",pagseguro-core
rafaeltorress,"",pagseguro-core
rafvpereira,"",pagseguro-core
rapesil,"",pagseguro-core
raphamendonca,"",pagseguro-core
ravansini,"",pagseguro-core
rbelini,"",pagseguro-core
rcafalchiouol,"",pagseguro-core
rchibana,"",pagseguro-core
rdoi-ps,"",pagseguro-core
ReinaldoPag,"",pagseguro-core
renanavanzi,"",pagseguro-core
RenanBarsaglini,"",pagseguro-core
renangtmps,"",pagseguro-core
renato-batista,"",pagseguro-core
renatofmsoares,"",pagseguro-core
renatoguarato,"",pagseguro-core
renatoholanda,"",pagseguro-core
rferreira-pag,"",pagseguro-core
rgalinaps,"",pagseguro-core
rgfirmino,"",pagseguro-core
rgribeiro-uol,"",pagseguro-core
rkoszalka,"",pagseguro-core
rmcardoso,"",pagseguro-core
rnanya,"",pagseguro-core
rndtavares,"",pagseguro-core
Robertaison,"",pagseguro-core
robson98,"",pagseguro-core
robsonflorentino,"",pagseguro-core
robueno,"",pagseguro-core
rodmartinsps,"",pagseguro-core
rodrigo-mf,"",pagseguro-core
RodrigoAPrado,"",pagseguro-core
rodrigom1,"",pagseguro-core
rodrigoma,"",pagseguro-core
rodrigormagalhaes,"",pagseguro-core
Rodzman,"",pagseguro-core
rofelipe,"",pagseguro-core
rogerioallves27,"",pagseguro-core
romneypereira,"",pagseguro-core
romotta,"",pagseguro-core
ronojunior,"",pagseguro-core
ropestana,"",pagseguro-core
rorodriguesfreitas,"",pagseguro-core
rosooares,"",pagseguro-core
rpelicari,"",pagseguro-core
rps-stabile,"",pagseguro-core
rrgomes88,"",pagseguro-core
rsanchez-pags,"",pagseguro-core
rtsoukamoto,"",pagseguro-core
rudilei,"",pagseguro-core
runascimento,"",pagseguro-core
ryoshino14,"",pagseguro-core
s2it-fbruno,"",pagseguro-core
s2it-gpires,"",pagseguro-core
s2it-hrodrigues,"",pagseguro-core
s2it-lfernandes,"",pagseguro-core
s2it-lsouza,"",pagseguro-core
s2it-mcassunde,"",pagseguro-core
s2it-mlima,"",pagseguro-core
s2it-rrocha,"",pagseguro-core
s2italima,"",pagseguro-core
s2itCmiguel,"",pagseguro-core
s2itdfavero,"",pagseguro-core
s2itebispo,"",pagseguro-core
s2itemunhoz,"",pagseguro-core
s2itgcoleta,"",pagseguro-core
s2itgsilveira,"",pagseguro-core
s2itgzupolini,"",pagseguro-core
s2itjnascimento,"",pagseguro-core
s2itjsantos,"",pagseguro-core
s2itlesouza,"",pagseguro-core
s2itlgoncalo,"",pagseguro-core
s2itlpinto,"",pagseguro-core
s2itppoli,"",pagseguro-core
s2itralberto,"",pagseguro-core
s2ittramos,"",pagseguro-core
s2itvluis,"",pagseguro-core
s2itvvaz,"",pagseguro-core
s2itwholanda,"",pagseguro-core
sammypag,"",pagseguro-core
sandroBraga,"",pagseguro-core
santanajods,"",pagseguro-core
savyomoreira,"",pagseguro-core
skolenyak,"",pagseguro-core
sterodrigues,"",pagseguro-core
suaoliveira,"",pagseguro-core
svcacc-bootstrap,"",pagseguro-core
svcaccatlantis,"",pagseguro-core
svcaccgithub,"",pagseguro-core
svcaccintjenkins,"",pagseguro-core
svcaccjfrog,"",pagseguro-core
svcaccjirasdmaz,"",pagseguro-core
svcaccpsjenkins,"",pagseguro-core
svcaccspinnaker,"",pagseguro-core
szanelato,"",pagseguro-core
tacitolima,"",pagseguro-core
tcalsavara,"",pagseguro-core
tcustodio86,"",pagseguro-core
tdaud,"",pagseguro-core
tdiascastro,"",pagseguro-core
tfariassantanna,"",pagseguro-core
tgambaro,"",pagseguro-core
tgarduci,"",pagseguro-core
tgeraldo,"",pagseguro-core
tgoes2607,"",pagseguro-core
thaisinaba,"",pagseguro-core
thaistorres,"",pagseguro-core
thalesap,"",pagseguro-core
thalestaiko,"",pagseguro-core
thhilario,"",pagseguro-core
thiago-franzini,"",pagseguro-core
thiago-trindade,"",pagseguro-core
ThiagoGuy,"",pagseguro-core
thiagohnunes,"",pagseguro-core
thiagolinoz,"",pagseguro-core
ThiagoWaishaupt,"",pagseguro-core
thiagoxpaiva,"",pagseguro-core
thitorodrigo,"",pagseguro-core
thlimasantos,"",pagseguro-core
thomazerlach,"",pagseguro-core
thpereira2020,"",pagseguro-core
tiagosantosuol,"",pagseguro-core
til-aaleixo,"",pagseguro-core
til-asilva,"",pagseguro-core
til-avalaszek,"",pagseguro-core
til-esilva,"",pagseguro-core
til-msouza,"",pagseguro-core
til-rbizi,"",pagseguro-core
til-ttavares,"",pagseguro-core
tilaaleixo,"",pagseguro-core
tilasalgado,"",pagseguro-core
tilbrodrigues,"",pagseguro-core
tmbatista,"",pagseguro-core
tpuccinelli,"",pagseguro-core
tqi-arsilva,"",pagseguro-core
tqi-clopes,"",pagseguro-core
tqi-csouza,"",pagseguro-core
tqi-darantes,"",pagseguro-core
tqi-esilva,"",pagseguro-core
tqi-gduarte,"",pagseguro-core
tqi-jparreira,"",pagseguro-core
tqi-mamarques,"",pagseguro-core
tqi-mmarques,"",pagseguro-core
tqi-msantos,"",pagseguro-core
tqi-msilva,"",pagseguro-core
tqi-nmarques,"",pagseguro-core
tqi-rarodrigues,"",pagseguro-core
tqi-vloyola,"",pagseguro-core
tqi-warantes,"",pagseguro-core
tqiaalves,"",pagseguro-core
tqiacosta,"",pagseguro-core
tqibbatista,"",pagseguro-core
tqicluz,"",pagseguro-core
tqidleite,"",pagseguro-core
tqifdiniz,"",pagseguro-core
tqijviana,"",pagseguro-core
tqiltavares,"",pagseguro-core
tqimgoncalves,"",pagseguro-core
tqirmaia,"",pagseguro-core
tqitqueiroz,"",pagseguro-core
tqitrezende,"",pagseguro-core
tqivanderjunior,"",pagseguro-core
tthashimoto,"",pagseguro-core
tvazpagseguro,"",pagseguro-core
uol-bdarcolitto,"",pagseguro-core
v-moraes,"",pagseguro-core
valmeida75,"",pagseguro-core
vanessadants,"",pagseguro-core
vgsantos95,"",pagseguro-core
Victor-Silva96,"",pagseguro-core
victoraugusto1,"",pagseguro-core
victorjussiani,"",pagseguro-core
victorvsoares,"",pagseguro-core
viniciusconti,"",pagseguro-core
viniciuscsoz,"",pagseguro-core
ViniciusLimaFernandes,"",pagseguro-core
viniciusmva,"",pagseguro-core
vitpereira1,"",pagseguro-core
VivianDuarte,"",pagseguro-core
vmoliveira-uol,"",pagseguro-core
vrx-wumezaki,"",pagseguro-core
vrxlsantos,"",pagseguro-core
vsammartano,"",pagseguro-core
vterdias,"",pagseguro-core
vtermartins,"",pagseguro-core
vyniciuspontes,"",pagseguro-core
wallacehenriquesilva,"",pagseguro-core
wc-andrade,"",pagseguro-core
wellyfrs,"",pagseguro-core
wensttay,"",pagseguro-core
wesleyimamura,"",pagseguro-core
wjoubert10,"",pagseguro-core
wrpinheiro,"",pagseguro-core
YanZingraPereira,"",pagseguro-core
zearaujo25,"",pagseguro-core
zherro,"",pagseguro-core
alexrodriguesdasilva,"",pagtrail
alnsilva,"",pagtrail
alvesfc,"",pagtrail
anpaula,"",pagtrail
aquelepaulo,"",pagtrail
Brun0-Gama,"",pagtrail
bruninhamax,"",pagtrail
brunobione,"",pagtrail
brunosoouza,"",pagtrail
carlosnicolaups,"",pagtrail
danilooliveira88,"",pagtrail
dfonteps,"",pagtrail
diego-alves,"",pagtrail
dmarchetti,"",pagtrail
fernandorivolta,"",pagtrail
francisconvs,"",pagtrail
gabrielcalmeida,"",pagtrail
gabydias,"",pagtrail
gibastos,"",pagtrail
hleca,"",pagtrail
jcarneirosre,"",pagtrail
jeffersonferraric,"",pagtrail
Joao-Pinheiro07,"",pagtrail
Jonathanboliveira,"",pagtrail
joyceol,"",pagtrail
juliofdourado,"",pagtrail
kirstus,"",pagtrail
luteixeira,"",pagtrail
marcos-barbosa,"",pagtrail
mauricio-sousa,"",pagtrail
MirianSeffrin,"",pagtrail
phelipelui,"",pagtrail
rafael-sbrissa,"",pagtrail
raphaelabrantes,"",pagtrail
rcmarchesi,"",pagtrail
rvicente11,"",pagtrail
salsilva-init,"",pagtrail
stefanievicente,"",pagtrail
svcacc-bootstrap,"",pagtrail
svcaccatlantis,"",pagtrail
svcaccgithub,"",pagtrail
svcaccintjenkins,"",pagtrail
svcaccjfrog,"",pagtrail
svcaccjirasdmaz,"",pagtrail
svcaccpsjenkins,"",pagtrail
svcaccspinnaker,"",pagtrail
thaisinaba,"",pagtrail
thaleslimao,"",pagtrail
tvazpagseguro,"",pagtrail
valmeida75,"",pagtrail
vicalixto,"",pagtrail
ViniciusFreire97,"",pagtrail
vsammartano,"",pagtrail
abreda-mzg,"",ps-bank
acodignotto,"",ps-bank
aferrenha,"",ps-bank
afsborges,"",ps-bank
agcruzps,"",ps-bank
ajmarquesps,"",ps-bank
akondo-uol,"",ps-bank
alantiel,"",ps-bank
alex-figueredo,"",ps-bank
alexanderdeoliveira,"",ps-bank
AlexeiJunior,"",ps-bank
alexrodriguesdasilva,"",ps-bank
alnsilva,"",ps-bank
alucianetti,"",ps-bank
alxarduini,"",ps-bank
am53gcamargo,"",ps-bank
ameiraps,"",ps-bank
andradedbruno,"",ps-bank
andrexavier,"",ps-bank
andsantops,"",ps-bank
andvicente,"",ps-bank
Aparadisotopaz,"",ps-bank
augustoArtur,"",ps-bank
babifcastro,"",ps-bank
bonaiva,"",ps-bank
brunobione,"",ps-bank
caio-henrique-uolcorp,"",ps-bank
caiopapai,"",ps-bank
carlosnicolaups,"",ps-bank
casalmeid,"",ps-bank
cendyandreoli,"",ps-bank
chrisjullian,"",ps-bank
chuizinho,"",ps-bank
cin-laugusto,"",ps-bank
cinramorim,"",ps-bank
cnmaia,"",ps-bank
cristovao23,"",ps-bank
crnascimento,"",ps-bank
danilooliveira88,"",ps-bank
davi-sande,"",ps-bank
dfonteps,"",ps-bank
dgosantos89,"",ps-bank
diego-alves,"",ps-bank
diego-alves-said,"",ps-bank
digrande,"",ps-bank
diogoouterelo,"",ps-bank
dmarchetti,"",ps-bank
dmendonca1,"",ps-bank
dnobitencourt,"",ps-bank
dohenrique,"",ps-bank
doughertvf,"",ps-bank
dpenaps,"",ps-bank
drdfigueira,"",ps-bank
dserafimpag,"",ps-bank
ecdfsantos,"",ps-bank
edisleireis,"",ps-bank
ednaldofranco,"",ps-bank
elaups,"",ps-bank
eliseusantoss,"",ps-bank
elvanineto,"",ps-bank
ernanehun,"",ps-bank
espaulaps,"",ps-bank
eveigaqa,"",ps-bank
ezayaeskoski,"",ps-bank
fabianotqi,"",ps-bank
fcfujimoto,"",ps-bank
felipeCabrini-pag,"",ps-bank
felipenehmi,"",ps-bank
felipepuig2020,"",ps-bank
felipesilvatqi,"",ps-bank
fernandoerico,"",ps-bank
fernandofmendes,"",ps-bank
fernandorivolta,"",ps-bank
fevicente,"",ps-bank
fkazuyoshi-han,"",ps-bank
fpontes-ps,"",ps-bank
fredericodiascastro,"",ps-bank
furtadodiogo,"",ps-bank
gcaselips,"",ps-bank
gchiquinips,"",ps-bank
gdomkethomaz,"",ps-bank
geraldofcneto,"",ps-bank
gersonsouzainv,"",ps-bank
Ggiarge,"",ps-bank
gsdsilva,"",ps-bank
guilhermeiobbi,"",ps-bank
GuinaCosta,"",ps-bank
gustavoballeste,"",ps-bank
gustavobarbosab,"",ps-bank
gustavodacostamoreira,"",ps-bank
gutierryguizzi,"",ps-bank
hcouto77,"",ps-bank
heliokanno,"",ps-bank
henrique-guimaraes,"",ps-bank
hugotanaka,"",ps-bank
hutiga,"",ps-bank
ICamolesi,"",ps-bank
idd-iguimaraes,"",ps-bank
idd-isaturnino,"",ps-bank
idd-pfernandes,"",ps-bank
idd-tmaciel,"",ps-bank
iddanunes,"",ps-bank
iddarosa,"",ps-bank
iddbsantos,"",ps-bank
iddftavares,"",ps-bank
iddgsoares,"",ps-bank
iddjsantana,"",ps-bank
iddlmartins,"",ps-bank
iddmmartin,"",ps-bank
iddrcespedes,"",ps-bank
iddrcruz,"",ps-bank
iddvdantas,"",ps-bank
ilfrazzon,"",ps-bank
IsaiasTrindadeJr,"",ps-bank
izaquieluolinc,"",ps-bank
jalmeidaps,"",ps-bank
jdeuspagseguro,"",ps-bank
jh-oliveira,"",ps-bank
jlamas-ps,"",ps-bank
joaopedroarauj,"",ps-bank
Jonathanboliveira,"",ps-bank
josianeReis,"",ps-bank
jpaulineli,"",ps-bank
juanmramos,"",ps-bank
JudilsonCosta,"",ps-bank
jvzenaro,"",ps-bank
kirstus,"",ps-bank
kseuzebio,"",ps-bank
ksilvano,"",ps-bank
laerteg,"",ps-bank
laragao-uol,"",ps-bank
leandrobudau,"",ps-bank
leoamaralsousa,"",ps-bank
LeonardoDG2084,"",ps-bank
leostb,"",ps-bank
lerodrigues-pag,"",ps-bank
LilianSantosUol,"",ps-bank
lnevesa,"",ps-bank
lorloski,"",ps-bank
lsferracini,"",ps-bank
LucasGallotta,"",ps-bank
lucasmachadoreis,"",ps-bank
lucribeirops,"",ps-bank
luizroos,"",ps-bank
luteixeira,"",ps-bank
macieleds,"",ps-bank
marcelacustodi,"",ps-bank
marcelommr,"",ps-bank
marcotsantos,"",ps-bank
marin2,"",ps-bank
marlon-pags,"",ps-bank
matignacio,"",ps-bank
mbmarazzi,"",ps-bank
mchagasps,"",ps-bank
mirandastephane,"",ps-bank
mmachadofe,"",ps-bank
moniquemoreno,"",ps-bank
mreis-uolinc,"",ps-bank
nhamparsomia,"",ps-bank
nicolasNsantos,"",ps-bank
pags-lsreis,"",ps-bank
paulovma,"",ps-bank
pborgespag,"",ps-bank
pedropaduan,"",ps-bank
pedrorago,"",ps-bank
phelipelui,"",ps-bank
phscastro,"",ps-bank
PlinioHeOliveira,"",ps-bank
ps-diego-marques,"",ps-bank
ps-elton,"",ps-bank
psfgrocha,"",ps-bank
r0b1s0ng4rc14,"",ps-bank
rafael-sbrissa,"",ps-bank
rafaelcavasani,"",ps-bank
rafaeleliasrb,"",ps-bank
rafaelgoncalves,"",ps-bank
rafaelroza2,"",ps-bank
raphaelosantos,"",ps-bank
raulikps,"",ps-bank
rbloureiro,"",ps-bank
rchibana,"",ps-bank
rcicotoste,"",ps-bank
renatoguarato,"",ps-bank
restarac,"",ps-bank
rgalinaps,"",ps-bank
rgfirmino,"",ps-bank
rhacosta2020,"",ps-bank
rjsilveira,"",ps-bank
rlrochapagseguro,"",ps-bank
Robertaison,"",ps-bank
rodrigom1,"",ps-bank
Rodzman,"",ps-bank
rogerioallves27,"",ps-bank
romuniz,"",ps-bank
ronebrandaops,"",ps-bank
rpelicari,"",ps-bank
rtsoukamoto,"",ps-bank
ryoshino14,"",ps-bank
s2it-lfernandes,"",ps-bank
s2it-mlima,"",ps-bank
s2it-rrocha,"",ps-bank
s2itdfavero,"",ps-bank
s2itlesouza,"",ps-bank
s2ittramos,"",ps-bank
santanajods,"",ps-bank
svcacc-bootstrap,"",ps-bank
svcaccatlantis,"",ps-bank
svcaccemiconfserv,"",ps-bank
svcaccintjenkins,"",ps-bank
svcaccjfrog,"",ps-bank
svcaccjirasdmaz,"",ps-bank
svcaccpsjenkins,"",ps-bank
svcaccspinnaker,"",ps-bank
talencar-git,"",ps-bank
terciosantos,"",ps-bank
thaisinaba,"",ps-bank
thalesap,"",ps-bank
thiagofuda,"",ps-bank
tqi-aborges,"",ps-bank
tqi-arsilva,"",ps-bank
tqi-esilva,"",ps-bank
tqi-fsousa,"",ps-bank
tqi-gandrade,"",ps-bank
tqi-gduarte,"",ps-bank
tqi-gpinheiro,"",ps-bank
tqi-gpinto,"",ps-bank
tqi-mamarques,"",ps-bank
tqi-mipereira,"",ps-bank
tqi-msilva,"",ps-bank
tqi-mvilela,"",ps-bank
tqi-nmarques,"",ps-bank
tqi-palmeida,"",ps-bank
tqi-rnicaretta,"",ps-bank
tqi-vloyola,"",ps-bank
tqiaalves,"",ps-bank
tqiacosta,"",ps-bank
tqialucena,"",ps-bank
tqicluz,"",ps-bank
tqiefernandes,"",ps-bank
tqiefigueiredo,"",ps-bank
tqiepaiva,"",ps-bank
tqierodrigues,"",ps-bank
tqifcosta,"",ps-bank
tqiggomes,"",ps-bank
tqigmorais,"",ps-bank
tqigsilveira,"",ps-bank
tqiholiveira,"",ps-bank
tqilarakaki,"",ps-bank
tqimfaria,"",ps-bank
tqimgoncalves,"",ps-bank
tqimrodrigues,"",ps-bank
tqirborges,"",ps-bank
tqirleite,"",ps-bank
tqirmanzan,"",ps-bank
tqirpereira,"",ps-bank
tqisalvarenga,"",ps-bank
tqismachado,"",ps-bank
tqispolicena,"",ps-bank
tqissouza,"",ps-bank
tqiwbarros,"",ps-bank
tsbgkranen,"",ps-bank
tsbhmorais,"",ps-bank
tvazpagseguro,"",ps-bank
uolinc-gesantos,"",ps-bank
valteirjuniortilix,"",ps-bank
vgsantos95,"",ps-bank
vicalixto,"",ps-bank
viniciusrodrigues1,"",ps-bank
vitpereira1,"",ps-bank
vlbarreto,"",ps-bank
vmoliveira-uol,"",ps-bank
vsammartano,"",ps-bank
WilliamRende,"",ps-bank
williamsouto,"",ps-bank
adriano70,"",ps-wallet
agcruzps,"",ps-wallet
alexrodriguesdasilva,"",ps-wallet
alvesfc,"",ps-wallet
aromfeld,"",ps-wallet
CanisLupus000,"",ps-wallet
carlosnicolaups,"",ps-wallet
danilooliveira88,"",ps-wallet
dfonteps,"",ps-wallet
diego-alves,"",ps-wallet
diogoouterelo,"",ps-wallet
dmarchetti,"",ps-wallet
elvanineto,"",ps-wallet
gustavobarbosab,"",ps-wallet
iddarosa,"",ps-wallet
iddlmoreira,"",ps-wallet
joaopedroarauj,"",ps-wallet
Jonathanboliveira,"",ps-wallet
JudilsonCosta,"",ps-wallet
kirstus,"",ps-wallet
laerteg,"",ps-wallet
luizroos,"",ps-wallet
luteixeira,"",ps-wallet
marcelommr,"",ps-wallet
mrit,"",ps-wallet
phelipelui,"",ps-wallet
rafael-sbrissa,"",ps-wallet
rafaelgoncalves,"",ps-wallet
renatoguarato,"",ps-wallet
rgfirmino,"",ps-wallet
robsonflorentino,"",ps-wallet
rpelicari,"",ps-wallet
svcacc-bootstrap,"",ps-wallet
svcaccatlantis,"",ps-wallet
svcaccgithub,"",ps-wallet
svcaccintjenkins,"",ps-wallet
svcaccjfrog,"",ps-wallet
svcaccjirasdmaz,"",ps-wallet
svcaccpsjenkins,"",ps-wallet
svcaccspinnaker,"",ps-wallet
thaisinaba,"",ps-wallet
tqi-darantes,"",ps-wallet
tqi-esilva,"",ps-wallet
tqi-mapereira,"",ps-wallet
tqi-mmarques,"",ps-wallet
tqi-rasilva,"",ps-wallet
tqi-vmarins,"",ps-wallet
tqi-warantes,"",ps-wallet
tqiacosta,"",ps-wallet
tqialeite,"",ps-wallet
tqialucena,"",ps-wallet
tqibbatista,"",ps-wallet
tqicluz,"",ps-wallet
tqifcosta,"",ps-wallet
tqigsilveira,"",ps-wallet
tqijviana,"",ps-wallet
tqimgoncalves,"",ps-wallet
tvazpagseguro,"",ps-wallet
abreda-mzg,"",ps-store
aeugenio-ps,"",ps-store
alcebiadessantana,"",ps-store
alexandre-marchina,"",ps-store
alvesfc,"",ps-store
aromfeld,"",ps-store
brunobione,"",ps-store
carlosnicolaups,"",ps-store
ccesargarcia,"",ps-store
cintiapedroso,"",ps-store
cmmoura,"",ps-store
ctl-dmartini,"",ps-store
ctlwvargas,"",ps-store
daaraujo463,"",ps-store
danilooliveira88,"",ps-store
denniscoutinho,"",ps-store
dfonteps,"",ps-store
diego-alves,"",ps-store
dmarchetti,"",ps-store
felippelongo,"",ps-store
fernandorivolta,"",ps-store
gimenesthiago,"",ps-store
guilhermenagatomo,"",ps-store
guilhermesalmeida,"",ps-store
hatanakadaniel,"",ps-store
humbertocallefi,"",ps-store
idd-tsantos,"",ps-store
iddleandro,"",ps-store
iddpzorrilla,"",ps-store
inoriegapags,"",ps-store
invGlatz,"",ps-store
jaisonschmidt,"",ps-store
JeanGoncalves,"",ps-store
jenniferjmorais,"",ps-store
jh-oliveira,"",ps-store
jlamas-ps,"",ps-store
Jonathanboliveira,"",ps-store
josielrocha,"",ps-store
kirstus,"",ps-store
LeonardoDG2084,"",ps-store
leonardold,"",ps-store
lipaula,"",ps-store
lmoscardo,"",ps-store
lucasaquiles,"",ps-store
luizgutierrez,"",ps-store
luizroos,"",ps-store
luteixeira,"",ps-store
marcusdacoregiopag,"",ps-store
meduardo,"",ps-store
mmsdivino,"",ps-store
mrit,"",ps-store
nsd-lsoutello,"",ps-store
nsd-vjesus,"",ps-store
paulkjoseph,"",ps-store
paulo1911,"",ps-store
PedraoFerreira,"",ps-store
perimcomm,"",ps-store
phelipelui,"",ps-store
ps-bruno-nogueira,"",ps-store
ps-pedrocomitto,"",ps-store
ps-rodsilva,"",ps-store
ps-tbezerra,"",ps-store
rafael-sbrissa,"",ps-store
rafaelgoncalves,"",ps-store
rafmendes,"",ps-store
rafvpereira,"",ps-store
rdoi-ps,"",ps-store
renatoholanda,"",ps-store
Robertaison,"",ps-store
s2it-rrocha,"",ps-store
s2italima,"",ps-store
srburton,"",ps-store
svcacc-bootstrap,"",ps-store
svcaccatlantis,"",ps-store
svcaccgithub,"",ps-store
svcaccintjenkins,"",ps-store
svcaccjfrog,"",ps-store
svcaccjirasdmaz,"",ps-store
svcaccspinnaker,"",ps-store
tcustodio86,"",ps-store
thaisinaba,"",ps-store
thiagofuda,"",ps-store
tvazpagseguro,"",ps-store
v-moraes,"",ps-store
vicalixto,"",ps-store
vrx-wumezaki,"",ps-store
vsammartano,"",ps-store
vtermartins,"",ps-store
wensttay,"",ps-store
