login,org
ahsilvauolinc,ps-data-platform;ps-financial-services;ps-mobileappchannel;ps-acquirer;ps-customer;developer-productivity;pagseguro-core
alinecoquetolima,ps-data-platform;ps-customer;developer-productivity;pagseguro-core
alnsilva,ps-data-platform;ps-bank;ps-digital-payments;ps-financial-services;pagtrail;ps-acquirer;ps-customer;ps-psp;developer-productivity;pagseguro-core
anaarodriguez,ps-data-platform
arbarross,ps-data-platform;ps-customer
arodriguesbh,ps-data-platform;ps-corp-platform;ps-customer
brunobione,ps-data-platform;ps-bank;pagbank;pagtrail;ps-store;ps-servicedeskchannel;ps-web-channel;ps-customer;developer-productivity;pagseguro-core
carlosnicolaups,ps-data-platform;ps-rewards;ps-bank;ps-investments;ps-digital-payments;ps-wallet;pagbank;ps-financial-services;pagtrail;ps-store;ps-infra;registra-seguro;ps-mobileappchannel;ps-apichannel;ps-servicedeskchannel;pagseguro-tilix;ps-poschannel;ps-web-channel;ps-third-party-services;ps-corp-platform;ps-acquirer;ps-yami;ps-customer;ps-psp;developer-productivity;pagseguro-core
ccesargarcia,ps-data-platform;pagbank;ps-store;ps-mobileappchannel;ps-servicedeskchannel;ps-customer;developer-productivity
ctl-aportes,ps-data-platform;ps-customer;pagseguro-core
ctl-jferreira,ps-data-platform;pagseguro-core
ctlfbezerra,ps-data-platform
ctljleite,ps-data-platform
ctlradorno,ps-data-platform;ps-corp-platform
danilooliveira88,ps-data-platform;ps-rewards;ps-bank;ps-investments;ps-digital-payments;ps-wallet;pagbank;ps-financial-services;pagtrail;ps-store;ps-infra;registra-seguro;ps-mobileappchannel;ps-apichannel;ps-servicedeskchannel;pagseguro-tilix;ps-poschannel;ps-web-channel;ps-third-party-services;ps-corp-platform;ps-acquirer;ps-yami;ps-customer;ps-psp;developer-productivity;pagseguro-core
dfonteps,ps-data-platform;ps-rewards;ps-bank;ps-investments;ps-digital-payments;ps-wallet;pagbank;ps-financial-services;pagtrail;ps-store;ps-infra;registra-seguro;ps-mobileappchannel;ps-apichannel;ps-servicedeskchannel;pagseguro-tilix;ps-poschannel;ps-web-channel;ps-third-party-services;ps-yami;ps-customer;ps-psp;developer-productivity;pagseguro-core
diego-alves,ps-data-platform;ps-bank;ps-investments;ps-digital-payments;ps-wallet;pagbank;ps-financial-services;pagtrail;ps-store;ps-infra;ps-mobileappchannel;ps-apichannel;ps-servicedeskchannel;pagseguro-tilix;ps-poschannel;ps-web-channel;ps-acquirer;ps-yami;ps-customer;ps-psp;developer-productivity;pagseguro-core
diego-alves-said,ps-data-platform;ps-bank;ps-financial-services;ps-corp-platform;ps-psp;developer-productivity;pagseguro-core
dmarchetti,ps-data-platform;ps-bank;ps-investments;ps-digital-payments;ps-wallet;pagbank;ps-financial-services;pagtrail;ps-store;ps-infra;registra-seguro;ps-apichannel;ps-servicedeskchannel;pagseguro-tilix;ps-poschannel;ps-web-channel;ps-corp-platform;ps-acquirer;ps-yami;ps-customer;developer-productivity;pagseguro-core
EdcleidsonSCJ,ps-data-platform;ps-servicedeskchannel;ps-psp;developer-productivity
efnascimento,ps-data-platform;ps-infra;ps-poschannel;ps-third-party-services;ps-corp-platform;ps-acquirer;ps-customer;ps-psp;pagseguro-core
feliperaa,ps-data-platform;ps-corp-platform
Fgustavo21,ps-data-platform;ps-financial-services;ps-acquirer;developer-productivity;pagseguro-core
fpierin,ps-data-platform;pagbank;ps-web-channel;ps-corp-platform;ps-customer;ps-psp;developer-productivity;pagseguro-core
FragataF,ps-data-platform;ps-corp-platform;ps-customer
frobertomoura,ps-data-platform;pagseguro-core
gbeatriz,ps-data-platform;ps-customer
GiovaniFranca,ps-data-platform;ps-financial-services;ps-corp-platform;ps-acquirer;developer-productivity;pagseguro-core
gleydson404,ps-data-platform;ps-customer;developer-productivity
GuiSacramento,ps-data-platform;ps-customer
GustaMarques,ps-data-platform;ps-corp-platform;ps-customer;ps-psp
gustavoballeste,ps-data-platform;ps-bank;ps-financial-services;ps-infra;ps-apichannel;ps-web-channel;ps-third-party-services;ps-corp-platform;ps-psp;developer-productivity;pagseguro-core
hatanakadaniel,ps-data-platform;pagbank;ps-store;ps-acquirer;ps-psp;developer-productivity;pagseguro-core
ibastos1,ps-data-platform;ps-customer
iddfzanin,ps-data-platform;ps-corp-platform;ps-customer
ilfrazzon,ps-data-platform;ps-bank;ps-financial-services;ps-acquirer;ps-customer;ps-psp
IsaiasTrindadeJr,ps-data-platform
jhocihara,ps-data-platform;ps-customer
jlamas-ps,ps-data-platform;ps-bank;ps-investments;ps-digital-payments;ps-store;ps-infra;registra-seguro;ps-mobileappchannel;ps-apichannel;ps-servicedeskchannel;ps-poschannel;ps-web-channel;ps-corp-platform;ps-acquirer;ps-customer;ps-psp;developer-productivity
Jonathanboliveira,ps-data-platform;ps-bank;ps-investments;ps-digital-payments;ps-wallet;pagbank;ps-financial-services;pagtrail;ps-store;registra-seguro;ps-mobileappchannel;ps-apichannel;ps-servicedeskchannel;pagseguro-tilix;ps-poschannel;ps-web-channel;ps-third-party-services;ps-acquirer;ps-yami;ps-customer;ps-psp;pagseguro-core
JudilsonCosta,ps-data-platform;ps-wallet;ps-customer;developer-productivity;pagseguro-core
julianalduque,ps-data-platform;ps-acquirer;developer-productivity;pagseguro-core
klauber82,ps-data-platform
lbxavier,ps-data-platform
lipaula,ps-data-platform;ps-corp-platform;developer-productivity;pagseguro-core
lnevesa,ps-data-platform;ps-bank;ps-customer
lucianofalmeida,ps-data-platform;ps-customer
luizgutierrez,ps-data-platform;ps-servicedeskchannel;ps-customer;developer-productivity;pagseguro-core
lvolfe,ps-data-platform;ps-web-channel;ps-customer;developer-productivity;pagseguro-core
MarlosRP,ps-data-platform;ps-acquirer;developer-productivity;pagseguro-core
matignacio,ps-data-platform;ps-customer
maxavierpags,ps-data-platform
mbrandaopags,ps-data-platform;ps-infra;ps-psp
mbtonin,ps-data-platform;ps-customer
mrit,ps-data-platform;ps-digital-payments;ps-wallet;ps-financial-services;ps-store;ps-web-channel;ps-corp-platform;developer-productivity;pagseguro-core
pagsdataplatform,ps-data-platform
palomabareli,ps-data-platform;ps-corp-platform;ps-customer;pagseguro-core
ps-datascience,ps-data-platform;ps-customer
ps-josesouza,ps-data-platform;ps-servicedeskchannel;ps-web-channel;ps-corp-platform;ps-customer;ps-psp;developer-productivity;pagseguro-core
ps-rodsilva,ps-data-platform;ps-store;ps-corp-platform;ps-acquirer;ps-customer;ps-psp;developer-productivity;pagseguro-core
r0b1s0ng4rc14,ps-data-platform;ps-bank;ps-financial-services;registra-seguro;ps-acquirer;ps-psp;developer-productivity;pagseguro-core
rafachr,ps-data-platform;ps-digital-payments
rafaluchetta,ps-data-platform
rbleite21,ps-data-platform;ps-corp-platform
rlchagas,ps-data-platform
robcastropags,ps-data-platform
rodrigogreg,ps-data-platform;pagbank;ps-corp-platform;ps-customer
romuniz,ps-data-platform;ps-bank;pagbank;ps-mobileappchannel;ps-apichannel
rtreto23,ps-data-platform;ps-corp-platform;ps-customer
s2itgcoleta,ps-data-platform;ps-servicedeskchannel;ps-web-channel;ps-psp;developer-productivity;pagseguro-core
s2itlpinto,ps-data-platform;ps-servicedeskchannel;ps-customer;ps-psp;developer-productivity;pagseguro-core
SerafimPAG,ps-data-platform;ps-corp-platform
sghonaim,ps-data-platform;ps-customer
svcaccintjenkins,ps-data-platform;ps-rewards;ps-bank;ps-investments;ps-digital-payments;ps-wallet;pagbank;pagtrail;ps-store;ps-infra;registra-seguro;ps-mobileappchannel;ps-apichannel;ps-servicedeskchannel;pagseguro-tilix;ps-poschannel;ps-web-channel;ps-third-party-services;ps-corp-platform;ps-acquirer;ps-yami;ps-customer;ps-psp;developer-productivity;pagseguro-core
svcaccjfrog,ps-data-platform;ps-rewards;ps-bank;ps-investments;ps-digital-payments;ps-wallet;pagbank;ps-financial-services;pagtrail;ps-store;ps-infra;registra-seguro;ps-mobileappchannel;ps-apichannel;ps-servicedeskchannel;pagseguro-tilix;ps-poschannel;ps-web-channel;ps-third-party-services;ps-corp-platform;ps-acquirer;ps-yami;ps-customer;ps-psp;developer-productivity;pagseguro-core
svcaccjirasdmaz,ps-data-platform;ps-rewards;ps-bank;ps-investments;ps-digital-payments;ps-wallet;ps-financial-services;pagtrail;ps-store;ps-infra;registra-seguro;ps-mobileappchannel;ps-apichannel;ps-servicedeskchannel;pagseguro-tilix;ps-poschannel;ps-web-channel;ps-third-party-services;ps-corp-platform;ps-acquirer;ps-yami;ps-customer;ps-psp;developer-productivity;pagseguro-core
svcaccPagsGithub,ps-data-platform
svcaccspinnaker,ps-data-platform;ps-rewards;ps-bank;ps-investments;ps-digital-payments;ps-wallet;pagbank;ps-financial-services;pagtrail;ps-store;ps-infra;registra-seguro;ps-mobileappchannel;ps-apichannel;ps-servicedeskchannel;pagseguro-tilix;ps-poschannel;ps-web-channel;ps-third-party-services;ps-corp-platform;ps-acquirer;ps-yami;ps-customer;ps-psp;developer-productivity;pagseguro-core
thaisinaba,ps-data-platform;ps-rewards;ps-bank;ps-investments;ps-digital-payments;ps-wallet;pagbank;ps-financial-services;pagtrail;ps-store;ps-infra;registra-seguro;ps-mobileappchannel;ps-apichannel;ps-servicedeskchannel;pagseguro-tilix;ps-poschannel;ps-web-channel;ps-acquirer;ps-yami;ps-customer;ps-psp;pagseguro-core
thiago-franzini,ps-data-platform;ps-customer;developer-productivity;pagseguro-core
thiagofuda,ps-data-platform;ps-bank;pagbank;ps-store;ps-infra;ps-web-channel;ps-customer;developer-productivity
vicalixto,ps-data-platform;ps-bank;pagbank;pagtrail;ps-store;ps-mobileappchannel;ps-servicedeskchannel;ps-web-channel;ps-customer;developer-productivity
VivianDuarte,ps-data-platform;developer-productivity;pagseguro-core
vsammartano,ps-data-platform;ps-bank;pagbank;pagtrail;ps-store;ps-servicedeskchannel;ps-customer;pagseguro-core
DemillyFerreiraPag,ps-rewards;pagbank;ps-store;ps-servicedeskchannel;ps-corp-platform;ps-customer
ps-bruno-nogueira,ps-rewards;pagbank;ps-store;ps-servicedeskchannel;ps-web-channel;ps-corp-platform;pagseguro-core
svcacc-bootstrap,ps-rewards;ps-wallet;pagtrail;ps-infra;ps-apichannel;ps-poschannel
svcaccatlantis,ps-rewards;ps-wallet;pagbank;pagtrail;ps-store;ps-infra;ps-apichannel;ps-servicedeskchannel;pagseguro-tilix;ps-poschannel;ps-acquirer;developer-productivity;pagseguro-core
svcaccgithub,ps-rewards;pagtrail;ps-infra;ps-poschannel
svcaccpsjenkins,ps-rewards;pagtrail;ps-infra;ps-poschannel
abreda-mzg,ps-bank;ps-digital-payments;pagbank;ps-financial-services;ps-store;registra-seguro;ps-servicedeskchannel;ps-web-channel;ps-third-party-services;ps-acquirer;ps-yami;ps-customer;ps-psp;pagseguro-core
aferrenha,ps-bank;ps-digital-payments;pagseguro-core
afsborges,ps-bank;pagseguro-core
alexanderdeoliveira,ps-bank;pagbank;ps-financial-services;developer-productivity;pagseguro-core
alucianetti,ps-bank;ps-investments;ps-servicedeskchannel;developer-productivity;pagseguro-core
alxarduini,ps-bank;pagbank;ps-financial-services
ameiraps,ps-bank;ps-acquirer;ps-psp;developer-productivity;pagseguro-core
andradedbruno,ps-bank;ps-digital-payments;pagbank;ps-financial-services;ps-servicedeskchannel;ps-poschannel;ps-web-channel;ps-third-party-services;ps-corp-platform;ps-customer;developer-productivity;pagseguro-core
andvicente,ps-bank;pagbank;ps-corp-platform;pagseguro-core
augustoArtur,ps-bank;ps-financial-services;ps-psp;developer-productivity;pagseguro-core
caiopapai,ps-bank;ps-digital-payments;pagbank;ps-financial-services;ps-apichannel;ps-acquirer;ps-customer;pagseguro-core
casalmeid,ps-bank;ps-mobileappchannel;ps-customer
cendyandreoli,ps-bank;ps-customer;pagseguro-core
chrisjullian,ps-bank;ps-third-party-services;ps-customer;pagseguro-core
cin-laugusto,ps-bank;ps-corp-platform;ps-psp;developer-productivity;pagseguro-core
cnmaia,ps-bank;ps-corp-platform;ps-customer;pagseguro-core
digrande,ps-bank;registra-seguro;ps-mobileappchannel;ps-apichannel;ps-web-channel;ps-acquirer
dmendonca1,ps-bank;pagbank;ps-web-channel;ps-corp-platform;ps-customer;developer-productivity;pagseguro-core
dnobitencourt,ps-bank;ps-financial-services;ps-psp;developer-productivity;pagseguro-core
dpenaps,ps-bank;ps-investments;ps-customer;developer-productivity;pagseguro-core
drdfigueira,ps-bank;pagbank;developer-productivity;pagseguro-core
dserafimpag,ps-bank;ps-investments;ps-customer;developer-productivity;pagseguro-core
eliseusantoss,ps-bank;ps-investments;ps-servicedeskchannel;ps-web-channel;ps-corp-platform;ps-customer;developer-productivity;pagseguro-core
elvanineto,ps-bank;ps-wallet;ps-yami;developer-productivity
fabianotqi,ps-bank;pagbank;ps-customer;developer-productivity
felipepuig2020,ps-bank
fernandorivolta,ps-bank;pagbank;pagtrail;ps-store;ps-servicedeskchannel;ps-web-channel;developer-productivity
fevicente,ps-bank;ps-acquirer;ps-psp;pagseguro-core
fpontes-ps,ps-bank;pagbank;ps-apichannel;ps-customer;pagseguro-core
gersonsouzainv,ps-bank;pagbank;ps-financial-services;developer-productivity;pagseguro-core
gsdsilva,ps-bank;ps-psp;developer-productivity
GuinaCosta,ps-bank;ps-digital-payments;pagbank;ps-financial-services;registra-seguro;ps-mobileappchannel;ps-apichannel;ps-web-channel;ps-customer;developer-productivity;pagseguro-core
gustavobarbosab,ps-bank;ps-wallet;pagbank;ps-financial-services;ps-mobileappchannel;ps-customer
gustavodacostamoreira,ps-bank
hcouto77,ps-bank;ps-customer
hromeniqueps,ps-bank;ps-investments;ps-financial-services;pagseguro-core
hutiga,ps-bank;ps-acquirer;ps-customer;developer-productivity;pagseguro-core
iddanunes,ps-bank;pagbank;ps-web-channel;ps-corp-platform;ps-customer;pagseguro-core
iddbsantos,ps-bank;ps-investments;developer-productivity;pagseguro-core
iddftavares,ps-bank;ps-investments;ps-customer;developer-productivity;pagseguro-core
iddjsantana,ps-bank;ps-financial-services;ps-acquirer;developer-productivity;pagseguro-core
iddlmartins,ps-bank;ps-corp-platform;ps-acquirer;developer-productivity;pagseguro-core
iddmmartin,ps-bank;ps-financial-services;ps-corp-platform;ps-acquirer;pagseguro-core
iddrcruz,ps-bank;ps-corp-platform;developer-productivity;pagseguro-core
jdeuspagseguro,ps-bank;ps-financial-services;ps-corp-platform;ps-acquirer;ps-customer;ps-psp;developer-productivity;pagseguro-core
jh-oliveira,ps-bank;pagbank;ps-store;ps-mobileappchannel;ps-apichannel;ps-web-channel
joaopedroarauj,ps-bank;ps-digital-payments;ps-corp-platform;ps-customer
jpaulineli,ps-bank;pagbank;pagseguro-core
kseuzebio,ps-bank;pagbank;ps-customer;pagseguro-core
ksilvano,ps-bank;ps-investments;developer-productivity;pagseguro-core
laerteg,ps-bank;ps-wallet;ps-corp-platform;pagseguro-core
laragao-uol,ps-bank;pagbank
leandrobudau,ps-bank;ps-corp-platform;pagseguro-core
leoamaralsousa,ps-bank;pagbank
LeonardoDG2084,ps-bank;pagbank;ps-store;ps-customer;developer-productivity
leostb,ps-bank;ps-psp;pagseguro-core
lerodrigues-pag,ps-bank;developer-productivity;pagseguro-core
LilianSantosUol,ps-bank;ps-corp-platform;developer-productivity
lorloski,ps-bank;pagbank;ps-financial-services;ps-corp-platform;ps-customer;developer-productivity;pagseguro-core
lucasmachadoreis,ps-bank
lucribeirops,ps-bank;pagseguro-tilix;ps-customer;pagseguro-core
luizroos,ps-bank;ps-wallet;ps-financial-services;ps-store;ps-third-party-services;ps-acquirer;pagseguro-core
luteixeira,ps-bank;ps-digital-payments;ps-wallet;pagbank;pagtrail;ps-store;pagseguro-tilix;ps-yami;ps-customer;developer-productivity;pagseguro-core
marcelacustodi,ps-bank;ps-customer
marcelommr,ps-bank;ps-digital-payments;ps-wallet;pagbank;ps-infra;ps-mobileappchannel;ps-apichannel;ps-customer;developer-productivity
marlon-pags,ps-bank
mbmarazzi,ps-bank;pagbank;ps-corp-platform;ps-customer;developer-productivity;pagseguro-core
mchagasps,ps-bank;ps-customer
mirandastephane,ps-bank;ps-financial-services;ps-corp-platform;ps-acquirer;ps-customer;pagseguro-core
mmachadofe,ps-bank;ps-corp-platform;ps-customer;developer-productivity;pagseguro-core
moniquemoreno,ps-bank;ps-financial-services;ps-corp-platform;ps-customer;developer-productivity;pagseguro-core
nhamparsomia,ps-bank;ps-digital-payments;ps-financial-services;ps-corp-platform;pagseguro-core
paulovma,ps-bank;pagbank;ps-apichannel
pborgespag,ps-bank;ps-financial-services;pagseguro-core
pedropaduan,ps-bank;ps-financial-services;ps-corp-platform;ps-acquirer;developer-productivity;pagseguro-core
phelipelui,ps-bank;ps-digital-payments;ps-wallet;pagbank;ps-financial-services;pagtrail;ps-store;ps-infra;registra-seguro;ps-mobileappchannel;ps-apichannel;ps-servicedeskchannel;ps-poschannel;ps-web-channel;ps-third-party-services;ps-acquirer;ps-yami;ps-customer;ps-psp;developer-productivity;pagseguro-core
PlinioHeOliveira,ps-bank;pagbank;ps-financial-services;developer-productivity;pagseguro-core
ps-elton,ps-bank;pagbank;ps-apichannel;ps-customer;pagseguro-core
rafael-sbrissa,ps-bank;ps-wallet;pagbank;ps-financial-services;pagtrail;ps-store;ps-infra;registra-seguro;ps-mobileappchannel;ps-apichannel;ps-servicedeskchannel;pagseguro-tilix;ps-poschannel;ps-web-channel;ps-third-party-services;ps-acquirer;ps-yami;ps-customer;pagseguro-core
rafaelcavasani,ps-bank;ps-investments;ps-servicedeskchannel;ps-corp-platform;developer-productivity
rafaelgoncalves,ps-bank;ps-digital-payments;ps-wallet;ps-financial-services;ps-store;registra-seguro;pagseguro-tilix;ps-web-channel;ps-third-party-services;ps-acquirer;ps-yami;ps-customer;ps-psp
raphaelosantos,ps-bank
renatoguarato,ps-bank;ps-digital-payments;ps-wallet;pagbank;ps-customer;developer-productivity;pagseguro-core
rgfirmino,ps-bank;ps-wallet;pagbank;ps-infra;registra-seguro;ps-mobileappchannel;ps-apichannel;ps-servicedeskchannel;ps-poschannel;ps-web-channel;ps-third-party-services;ps-corp-platform;ps-acquirer;ps-customer;developer-productivity;pagseguro-core
rhacosta2020,ps-bank
Robertaison,ps-bank;ps-investments;pagbank;ps-financial-services;ps-store;ps-apichannel;developer-productivity;pagseguro-core
Rodzman,ps-bank;ps-third-party-services;ps-corp-platform;ps-customer;ps-psp;developer-productivity;pagseguro-core
ronebrandaops,ps-bank;pagseguro-tilix;ps-third-party-services;ps-corp-platform;ps-customer
ryoshino14,ps-bank;ps-financial-services;ps-customer;ps-psp;developer-productivity;pagseguro-core
s2it-lfernandes,ps-bank;pagbank;ps-corp-platform;pagseguro-core
s2it-rrocha,ps-bank;ps-digital-payments;pagbank;ps-financial-services;ps-store;ps-infra;ps-mobileappchannel;ps-apichannel;ps-web-channel;ps-customer;pagseguro-core
svcaccemiconfserv,ps-bank
talencar-git,ps-bank;ps-psp
thalesap,ps-bank;pagbank;ps-corp-platform;pagseguro-core
tqi-aborges,ps-bank;ps-customer;developer-productivity
tqi-arsilva,ps-bank;ps-financial-services;ps-corp-platform;ps-customer;pagseguro-core
tqi-fsousa,ps-bank;ps-financial-services
tqi-gandrade,ps-bank
tqi-gduarte,ps-bank;ps-customer;pagseguro-core
tqi-gpinto,ps-bank;pagbank;ps-financial-services;ps-third-party-services
tqi-mamarques,ps-bank;ps-mobileappchannel;ps-apichannel;pagseguro-core
tqi-msilva,ps-bank;pagseguro-core
tqi-mvilela,ps-bank;ps-customer
tqi-nmarques,ps-bank;pagbank;ps-mobileappchannel;pagseguro-core
tqi-palmeida,ps-bank;developer-productivity
tqi-rnicaretta,ps-bank;ps-financial-services
tqi-vloyola,ps-bank;ps-corp-platform;pagseguro-core
tqialucena,ps-bank;ps-digital-payments;ps-wallet
tqiefigueiredo,ps-bank;ps-corp-platform;ps-customer
tqifcosta,ps-bank;ps-wallet;pagbank
tqigsilveira,ps-bank;ps-customer
tqiholiveira,ps-bank;pagbank;ps-customer;developer-productivity
tqijviana,ps-bank;ps-wallet;ps-mobileappchannel;ps-customer;pagseguro-core
tqilarakaki,ps-bank;ps-corp-platform
tqimgoncalves,ps-bank;pagseguro-core
tqimrodrigues,ps-bank;pagbank;ps-customer
tqisalvarenga,ps-bank;pagbank;ps-financial-services;ps-third-party-services;ps-customer
tqismachado,ps-bank;pagbank;ps-third-party-services;ps-psp
tqissouza,ps-bank
tqiwbarros,ps-bank;pagseguro-tilix
tsbhmorais,ps-bank;ps-customer
tvazpagseguro,ps-bank;ps-digital-payments;ps-wallet;ps-financial-services;pagtrail;ps-store;ps-infra;registra-seguro;ps-mobileappchannel;ps-apichannel;ps-servicedeskchannel;pagseguro-tilix;ps-poschannel;ps-web-channel;ps-third-party-services;ps-corp-platform;ps-acquirer;ps-yami;ps-customer;ps-psp;developer-productivity;pagseguro-core
uolinc-gesantos,ps-bank;ps-digital-payments;pagbank;ps-financial-services
vitpereira1,ps-bank;ps-customer;pagseguro-core
vlbarreto,ps-bank;pagbank;pagseguro-tilix
vmoliveira-uol,ps-bank;ps-corp-platform;ps-customer;developer-productivity;pagseguro-core
williamsouto,ps-bank;pagbank;ps-financial-services;ps-mobileappchannel;ps-poschannel;ps-psp;developer-productivity
alvesfc,ps-investments;ps-wallet;ps-financial-services;pagtrail;ps-store;ps-infra;ps-apichannel;ps-web-channel;ps-corp-platform;ps-acquirer;ps-customer;developer-productivity;pagseguro-core
arturdgmr-uol,ps-investments;ps-apichannel;ps-customer
brmartinspag,ps-investments;ps-financial-services;developer-productivity
celioGonzaga,ps-investments;pagbank;ps-mobileappchannel;ps-apichannel;ps-customer
devmachado,ps-investments;ps-mobileappchannel;ps-apichannel;ps-customer
diegohenr,ps-investments;pagbank;ps-customer;pagseguro-core
ftmorais,ps-investments;pagbank;ps-customer;pagseguro-core
kbatista-ps,ps-investments;ps-web-channel;ps-customer;developer-productivity;pagseguro-core
kirstus,ps-investments;ps-wallet;pagbank;pagtrail;ps-store;ps-infra;registra-seguro;ps-mobileappchannel;ps-apichannel;ps-servicedeskchannel;pagseguro-tilix;ps-poschannel;ps-acquirer;pagseguro-core
laislandin1,ps-investments;pagseguro-core
luisreispags,ps-investments;pagbank;ps-servicedeskchannel;ps-customer
rjames-silva,ps-investments;ps-financial-services
rodrigom1,ps-investments;pagbank;ps-financial-services;ps-mobileappchannel;ps-apichannel;ps-web-channel;pagseguro-core
rofelipe,ps-investments;pagbank;ps-servicedeskchannel;ps-corp-platform;ps-customer;developer-productivity;pagseguro-core
s2itebispo,ps-investments;pagbank;ps-mobileappchannel;ps-corp-platform;ps-customer;pagseguro-core
tfariassantanna,ps-investments;ps-digital-payments;pagbank;ps-customer;pagseguro-core
aalrodrigues,ps-digital-payments
aarthuzo,ps-digital-payments;ps-psp
adbarroso,ps-digital-payments;pagbank
Adelinope,ps-digital-payments;pagbank;ps-mobileappchannel;developer-productivity
adr14noc,ps-digital-payments;pagbank
adrsantin,ps-digital-payments;ps-customer;pagseguro-core
alantiel,ps-digital-payments;pagbank;developer-productivity;pagseguro-core
alcarneiropagseguro,ps-digital-payments;developer-productivity
alexsousa-sre,ps-digital-payments;ps-third-party-services;ps-corp-platform;ps-yami;ps-psp;developer-productivity
altitdb,ps-digital-payments;ps-psp;developer-productivity
andre-bahia,ps-digital-payments
andrevbarbosa,ps-digital-payments
babifcastro,ps-digital-payments;pagbank;ps-customer;pagseguro-core
bturini,ps-digital-payments;ps-financial-services;ps-corp-platform;ps-customer;ps-psp;developer-productivity
caiodesign,ps-digital-payments;pagseguro-core
CanisLupus000,ps-digital-payments;ps-wallet;pagbank;ps-infra;ps-apichannel;developer-productivity
casseb,ps-digital-payments;pagseguro-core
ctl-acadini,ps-digital-payments;ps-corp-platform;ps-customer;pagseguro-core
ctldwillig,ps-digital-payments;ps-corp-platform;ps-acquirer;pagseguro-core
ctlfneves,ps-digital-payments;ps-customer;pagseguro-core
daaraujo463,ps-digital-payments;ps-store;ps-servicedeskchannel;ps-web-channel;ps-third-party-services;developer-productivity;pagseguro-core
daniloyamamoto,ps-digital-payments;ps-corp-platform;ps-acquirer;ps-customer;pagseguro-core
diegocesar,ps-digital-payments;ps-apichannel;ps-customer;pagseguro-core
disparter,ps-digital-payments
edshiba,ps-digital-payments;ps-customer
fabi-santos,ps-digital-payments;ps-corp-platform;ps-psp;developer-productivity
fborges,ps-digital-payments;pagbank
febpetroni,ps-digital-payments;ps-corp-platform;ps-customer;pagseguro-core
fehenrique-pags,ps-digital-payments;ps-customer;developer-productivity
Felisoni,ps-digital-payments
felizi,ps-digital-payments;pagbank;ps-corp-platform;pagseguro-core
fernandofmendes,ps-digital-payments;ps-corp-platform;developer-productivity
fescalhao,ps-digital-payments;ps-customer;pagseguro-core
gerffson,ps-digital-payments;pagseguro-core
gmandrade21,ps-digital-payments;ps-corp-platform;ps-customer;developer-productivity
gnagib,ps-digital-payments;ps-corp-platform;developer-productivity;pagseguro-core
gruutak,ps-digital-payments;pagbank;ps-mobileappchannel;ps-corp-platform;ps-customer;developer-productivity
guiroliveira,ps-digital-payments;ps-corp-platform;ps-acquirer;ps-yami;ps-psp;developer-productivity
gustavo-cunha-inc,ps-digital-payments;pagbank;ps-mobileappchannel;ps-third-party-services;ps-corp-platform;ps-customer;ps-psp;pagseguro-core
hacktoon,ps-digital-payments;ps-customer
ice-joliveira,ps-digital-payments;ps-yami;developer-productivity
ice-tcruz,ps-digital-payments;ps-yami;developer-productivity;pagseguro-core
iddlmoreira,ps-digital-payments;ps-wallet;pagbank;ps-financial-services;ps-servicedeskchannel;ps-web-channel;ps-corp-platform;ps-acquirer;ps-customer;developer-productivity;pagseguro-core
IgorCarvalhoUol,ps-digital-payments;pagseguro-core
jealmeidauolinc,ps-digital-payments;ps-infra;ps-apichannel;ps-customer;pagseguro-core
JonathanCRocha,ps-digital-payments;ps-yami;ps-customer;pagseguro-core
jvernieri,ps-digital-payments;pagseguro-core
Karina-Nakashima,ps-digital-payments;ps-corp-platform;ps-customer;developer-productivity;pagseguro-core
kauevidal,ps-digital-payments;ps-corp-platform;developer-productivity;pagseguro-core
l-loureiro,ps-digital-payments
lefarias,ps-digital-payments;ps-mobileappchannel;ps-poschannel;ps-corp-platform;ps-customer;ps-psp;developer-productivity;pagseguro-core
LeonardoAMesquita,ps-digital-payments;ps-yami
LUCASROCHA90,ps-digital-payments
luisteodoro-jr,ps-digital-payments;ps-financial-services;ps-mobileappchannel
MarcioCosta78,ps-digital-payments;developer-productivity;pagseguro-core
mathgraca,ps-digital-payments;pagseguro-core
MichaelBrendo,ps-digital-payments;pagseguro-core
MichelCordeiro,ps-digital-payments
mjpguerra,ps-digital-payments;pagbank
MuriloMarquez111,ps-digital-payments;pagbank;ps-mobileappchannel
nataliagalotto,ps-digital-payments
olavoparno,ps-digital-payments;pagbank;ps-web-channel;ps-customer;developer-productivity;pagseguro-core
oniliaguarato,ps-digital-payments;pagbank;ps-mobileappchannel
otavioremedio,ps-digital-payments;pagseguro-core
peo-lmarques,ps-digital-payments;ps-servicedeskchannel;ps-customer;pagseguro-core
PSRoberthDiorges,ps-digital-payments;ps-financial-services
rafaduka,ps-digital-payments;ps-corp-platform;ps-acquirer;ps-yami;ps-customer;developer-productivity
rafaelcarmonagil,ps-digital-payments;ps-corp-platform;ps-customer;developer-productivity;pagseguro-core
raffasena,ps-digital-payments;ps-mobileappchannel
rcarpinelli,ps-digital-payments
renan-assis-santos,ps-digital-payments;pagbank;ps-customer
Renatamaia86,ps-digital-payments
rffarias,ps-digital-payments
romonteirouol,ps-digital-payments;ps-mobileappchannel;ps-customer;developer-productivity
rquinzani,ps-digital-payments;pagbank;ps-financial-services;ps-apichannel;ps-customer
s2it-mcassunde,ps-digital-payments;ps-customer;pagseguro-core
s2itgsilveira,ps-digital-payments;pagseguro-core
silva-andrre,ps-digital-payments;ps-customer
tacitolima,ps-digital-payments;pagbank;ps-mobileappchannel;ps-web-channel;ps-customer;developer-productivity;pagseguro-core
tatianimeneghini,ps-digital-payments;ps-customer;developer-productivity
tgoes2607,ps-digital-payments;developer-productivity;pagseguro-core
thitorodrigo,ps-digital-payments;ps-corp-platform;pagseguro-core
tqi-csouza,ps-digital-payments;ps-corp-platform;developer-productivity;pagseguro-core
tqi-darantes,ps-digital-payments;pagbank;pagseguro-core
tqi-esilva,ps-digital-payments;pagbank;pagseguro-core
tqi-garvelos,ps-digital-payments
tqi-jparreira,ps-digital-payments;ps-psp;pagseguro-core
tqi-lbrito,ps-digital-payments;pagbank;ps-mobileappchannel
tqiaalves,ps-digital-payments;pagseguro-core
tqiadsoares,ps-digital-payments
tqiafranco,ps-digital-payments
tqialeite,ps-digital-payments;developer-productivity
tqibbatista,ps-digital-payments;pagseguro-core
tqiccarvalho,ps-digital-payments
tqicluz,ps-digital-payments;ps-wallet;ps-financial-services;pagseguro-core
tqidleite,ps-digital-payments;ps-corp-platform;developer-productivity
tqifdiniz,ps-digital-payments;ps-apichannel;ps-corp-platform;pagseguro-core
tqilabreu,ps-digital-payments;ps-customer
tqirmaia,ps-digital-payments;ps-apichannel;ps-corp-platform;pagseguro-core
VFagundes,ps-digital-payments;pagbank
victoraugusto1,ps-digital-payments;ps-corp-platform
vradan,ps-digital-payments;ps-acquirer;ps-customer;developer-productivity
YanZingraPereira,ps-digital-payments;pagseguro-core
yasmindias,ps-digital-payments;ps-customer;developer-productivity
adriano70,ps-wallet;ps-financial-services;ps-mobileappchannel;ps-web-channel;ps-third-party-services;ps-acquirer;ps-customer;developer-productivity;pagseguro-core
agcruzps,ps-wallet;ps-infra;pagseguro-tilix;ps-corp-platform;ps-yami
alexrodriguesdasilva,ps-wallet;pagtrail;pagseguro-tilix;ps-third-party-services;ps-yami;ps-customer;developer-productivity;pagseguro-core
aromfeld,ps-wallet;pagbank;ps-store;ps-acquirer;ps-yami;ps-customer;developer-productivity;pagseguro-core
diogoouterelo,ps-wallet;pagbank;ps-financial-services;ps-third-party-services;pagseguro-core
iddarosa,ps-wallet;ps-third-party-services;developer-productivity;pagseguro-core
rpelicari,ps-wallet;pagbank;ps-customer;pagseguro-core
tqi-mapereira,ps-wallet;ps-customer
tqi-mmarques,ps-wallet;ps-mobileappchannel;developer-productivity;pagseguro-core
tqi-rasilva,ps-wallet;ps-mobileappchannel
tqi-vmarins,ps-wallet;pagbank;ps-mobileappchannel
tqi-warantes,ps-wallet;pagbank;ps-mobileappchannel;pagseguro-core
tqiacosta,ps-wallet;ps-financial-services;ps-mobileappchannel;ps-apichannel;ps-third-party-services;developer-productivity;pagseguro-core
adiegues-zz,pagbank;pagseguro-core
afkklein,pagbank;ps-customer;developer-productivity;pagseguro-core
agnunes,pagbank;ps-financial-services;ps-mobileappchannel;ps-customer
akondo-uol,pagbank;ps-mobileappchannel;ps-customer;developer-productivity
alcebiadessantana,pagbank;ps-store;ps-customer;pagseguro-core
alex-figueredo,pagbank
AlexLeko,pagbank
Aline-Barreto,pagbank;ps-financial-services;ps-corp-platform;pagseguro-core
amalheiros,pagbank;ps-customer
amenuiya,pagbank;ps-mobileappchannel;ps-web-channel;ps-customer;developer-productivity;pagseguro-core
anaaoki,pagbank;ps-customer;pagseguro-core
AndreFirmoo,pagbank;ps-web-channel
andsantops,pagbank;ps-customer;developer-productivity
atilabraga,pagbank;developer-productivity
avgomes,pagbank;developer-productivity
bapadua,pagbank;ps-servicedeskchannel;pagseguro-core
bfurtado-uolinc,pagbank;ps-third-party-services;ps-customer
bobzlolo,pagbank
bonaiva,pagbank;ps-corp-platform;pagseguro-core
brow-joe,pagbank;ps-mobileappchannel;ps-apichannel;ps-customer;pagseguro-core
brpimentel,pagbank;ps-web-channel;ps-corp-platform;ps-customer
bruno-fcarvalho,pagbank;pagseguro-core
brunosouzar,pagbank
camoraes,pagbank
Carlos-Ot,pagbank;ps-customer;pagseguro-core
cernandes-ps,pagbank;ps-customer
chmateus,pagbank;ps-customer;pagseguro-core
cintiapedroso,pagbank;ps-store;ps-customer;ps-psp;pagseguro-core
CristinoDivino,pagbank;ps-mobileappchannel
ctlltargino,pagbank;ps-servicedeskchannel;ps-web-channel;ps-corp-platform;ps-acquirer;pagseguro-core
danascimento,pagbank;ps-mobileappchannel;pagseguro-core
danielsoueid,pagbank;ps-servicedeskchannel;ps-web-channel;ps-corp-platform;ps-customer
davi-sande,pagbank;pagseguro-core
deesouza-invillia,pagbank;ps-servicedeskchannel;ps-third-party-services;ps-corp-platform;developer-productivity
DenisSMoreira,pagbank;ps-customer;pagseguro-core
densalazar,pagbank;ps-servicedeskchannel;ps-web-channel;ps-acquirer;pagseguro-core
depaulavini,pagbank;ps-mobileappchannel;ps-corp-platform;pagseguro-core
dgosantos89,pagbank;ps-corp-platform;developer-productivity;pagseguro-core
dimebemer,pagbank;ps-customer;pagseguro-core
dnovaes,pagbank;developer-productivity
doEinstein,pagbank;ps-mobileappchannel;ps-corp-platform;ps-customer;ps-psp;pagseguro-core
dohenrique,pagbank;ps-customer;developer-productivity
douglasdionizio,pagbank;ps-corp-platform;developer-productivity;pagseguro-core
duanniston,pagbank;ps-mobileappchannel
edisleireis,pagbank;ps-financial-services;ps-mobileappchannel;ps-customer;developer-productivity;pagseguro-core
ednaldofranco,pagbank;ps-financial-services;ps-customer;pagseguro-core
eiAlex,pagbank;ps-customer;pagseguro-core
elaups,pagbank;ps-mobileappchannel;ps-apichannel;developer-productivity;pagseguro-core
emamede,pagbank;ps-customer
emellopagseguro,pagbank;ps-servicedeskchannel;ps-web-channel;ps-customer
emersonsenaTQI,pagbank
EnKaizer,pagbank;ps-mobileappchannel;ps-web-channel;ps-corp-platform;ps-customer;developer-productivity;pagseguro-core
erickpisco,pagbank
eriveltonfacundo,pagbank;ps-financial-services;developer-productivity
esantana05,pagbank;ps-corp-platform;developer-productivity;pagseguro-core
eveigaqa,pagbank
fabiano-santos-fb,pagbank;developer-productivity;pagseguro-core
FagnerJoao-QA,pagbank;ps-financial-services;pagseguro-core
fcfujimoto,pagbank;ps-customer
felipeCabrini-pag,pagbank;ps-financial-services;ps-mobileappchannel;pagseguro-tilix;ps-corp-platform;ps-customer;ps-psp;developer-productivity;pagseguro-core
felipenehmi,pagbank;developer-productivity
fernandoerico,pagbank;ps-financial-services;developer-productivity;pagseguro-core
fernandogodoy,pagbank;developer-productivity;pagseguro-core
fkazuyoshi-han,pagbank;developer-productivity
fontana-murilo,pagbank;ps-servicedeskchannel;ps-corp-platform
ftgouveia,pagbank;ps-web-channel;developer-productivity;pagseguro-core
fuji-ps,pagbank
furlaneto,pagbank;ps-servicedeskchannel;pagseguro-core
fvastres,pagbank;ps-servicedeskchannel;ps-customer
gchiquinips,pagbank;ps-customer
gcuppi,pagbank;ps-mobileappchannel;ps-customer;developer-productivity;pagseguro-core
gdomkethomaz,pagbank;ps-customer
geraldofcneto,pagbank;ps-financial-services;ps-mobileappchannel;developer-productivity;pagseguro-core
gimenesthiago,pagbank;ps-store;ps-customer
Giovanni-Luigi-Bruno,pagbank;ps-mobileappchannel;ps-customer
grecio-pags,pagbank;ps-mobileappchannel;ps-web-channel;ps-corp-platform;developer-productivity;pagseguro-core
gtmartinez,pagbank;ps-web-channel;ps-corp-platform;ps-acquirer
guhenrique-ps,pagbank;ps-corp-platform;ps-customer;pagseguro-core
GuilhermeGatto,pagbank;ps-mobileappchannel;ps-acquirer
gulloa20,pagbank;ps-web-channel;ps-customer;pagseguro-core
helsilvapags,pagbank;ps-web-channel;ps-corp-platform;developer-productivity;pagseguro-core
HenriquePA,pagbank;pagseguro-tilix
idd-csilva,pagbank;ps-corp-platform;ps-customer;ps-psp;pagseguro-core
idd-iguimaraes,pagbank;ps-financial-services;developer-productivity;pagseguro-core
idd-isaturnino,pagbank;ps-financial-services;ps-customer;developer-productivity;pagseguro-core
idd-jgaban,pagbank;ps-infra;ps-corp-platform;developer-productivity
idd-mmachado,pagbank;pagseguro-core
idd-pfernandes,pagbank
idd-rornelas,pagbank;ps-financial-services;developer-productivity;pagseguro-core
idd-tmaciel,pagbank;ps-infra;ps-corp-platform;developer-productivity;pagseguro-core
iddalana,pagbank;ps-financial-services;pagseguro-core
iddamazuti,pagbank;ps-servicedeskchannel;ps-corp-platform
idddfreitas,pagbank;pagseguro-core
iddinunes,pagbank;ps-customer;pagseguro-core
iddjreis,pagbank;ps-financial-services;ps-customer;pagseguro-core
invGlatz,pagbank;ps-store;ps-servicedeskchannel;ps-corp-platform
issuran,pagbank
ivanabilio001,pagbank;ps-customer;developer-productivity
izaquieluolinc,pagbank;ps-financial-services;ps-customer;developer-productivity;pagseguro-core
jadsonpags,pagbank;developer-productivity;pagseguro-core
jenniferjmorais,pagbank;ps-customer;developer-productivity;pagseguro-core
JessicaAlauk,pagbank
juanmramos,pagbank;developer-productivity
jvelapagseguro,pagbank;ps-corp-platform;pagseguro-core
jvzenaro,pagbank;ps-customer;pagseguro-core
KeviniOs,pagbank
leomenezessz,pagbank;ps-customer
lferajo,pagbank;ps-customer
LiegeLopes,pagbank;ps-mobileappchannel;developer-productivity
lmatzenbache,pagbank;ps-customer;developer-productivity
lourranZorziUolInc,pagbank;developer-productivity;pagseguro-core
lsferracini,pagbank;ps-financial-services;ps-mobileappchannel;ps-corp-platform;ps-customer;developer-productivity;pagseguro-core
luanachen,pagbank;ps-mobileappchannel
lucasaquiles,pagbank;developer-productivity;pagseguro-core
lucasdanfer,pagbank;ps-customer
LucasGallotta,pagbank;ps-customer;developer-productivity
LucasNetPOS,pagbank;ps-web-channel
luizagarofalo,pagbank
macieleds,pagbank;ps-apichannel;ps-corp-platform;developer-productivity;pagseguro-core
malikoski-pag,pagbank;ps-mobileappchannel;ps-apichannel;ps-corp-platform;ps-customer;ps-psp;developer-productivity;pagseguro-core
marcellafarias,pagbank;ps-mobileappchannel;ps-servicedeskchannel;ps-poschannel;ps-customer;developer-productivity;pagseguro-core
marcelorodriguespag,pagbank;ps-mobileappchannel
MarcioBGomes,pagbank;ps-web-channel;ps-corp-platform;ps-psp;developer-productivity;pagseguro-core
marciorc,pagbank;ps-web-channel;ps-corp-platform;ps-customer;developer-productivity;pagseguro-core
marcusdacoregiopag,pagbank;ps-store;ps-mobileappchannel;ps-servicedeskchannel;ps-corp-platform;developer-productivity
meduardo,pagbank;ps-apichannel;developer-productivity;pagseguro-core
MicaelBrito,pagbank;ps-web-channel;ps-corp-platform;developer-productivity;pagseguro-core
mrivereto,pagbank
mucorreia,pagbank
nsdhalves,pagbank;ps-mobileappchannel;ps-web-channel;ps-customer
occosta,pagbank;pagseguro-tilix
pags-lsreis,pagbank;ps-financial-services;ps-customer
pagsdipereira,pagbank;ps-servicedeskchannel;ps-web-channel;ps-corp-platform
pamarcolino,pagbank;ps-customer
pedroPolonea,pagbank;developer-productivity;pagseguro-core
ppereira-pag,pagbank;ps-mobileappchannel;ps-poschannel;ps-acquirer;ps-psp
ps-dcorrea,pagbank;ps-mobileappchannel;ps-corp-platform;ps-customer;ps-psp;developer-productivity;pagseguro-core
ps-diego-marques,pagbank;ps-corp-platform;pagseguro-core
psfgrocha,pagbank;ps-customer
rafaeleliasrb,pagbank
rafaelroza2,pagbank;ps-financial-services;developer-productivity;pagseguro-core
rafmendes,pagbank;ps-store;ps-servicedeskchannel;ps-web-channel;ps-customer
RaizaBatista,pagbank
raphamendonca,pagbank;ps-web-channel;pagseguro-core
raulikps,pagbank;ps-corp-platform
RaulSampaioAlves,pagbank
rchibana,pagbank;ps-apichannel;ps-corp-platform;ps-customer;developer-productivity;pagseguro-core
RenanBarsaglini,pagbank;ps-financial-services;pagseguro-core
rhamondias,pagbank;ps-mobileappchannel
rnanya,pagbank;ps-web-channel;ps-customer;pagseguro-core
rndtavares,pagbank;developer-productivity;pagseguro-core
rodrigo196,pagbank
rodrigormagalhaes,pagbank;ps-mobileappchannel;ps-corp-platform;ps-customer;pagseguro-core
ronojunior,pagbank;ps-corp-platform;ps-customer;pagseguro-core
rsanchez-pags,pagbank;ps-web-channel;ps-corp-platform;pagseguro-core
rvbrandao,pagbank;ps-customer
rviannaoliveira,pagbank;ps-acquirer
s2it-fbruno,pagbank;ps-financial-services;ps-acquirer;developer-productivity
s2it-lsouza,pagbank;ps-servicedeskchannel;ps-corp-platform;ps-customer;pagseguro-core
s2itldeolindo,pagbank
santanajods,pagbank;ps-financial-services;ps-mobileappchannel;ps-customer;pagseguro-core
sasantospag,pagbank;ps-customer
scremonini,pagbank;ps-mobileappchannel
sfurlaneto,pagbank;ps-customer
svcacc-pagb-github,pagbank
szanelato,pagbank;ps-corp-platform;pagseguro-core
tcalsavara,pagbank;ps-financial-services;ps-mobileappchannel;ps-apichannel;ps-web-channel;ps-customer;pagseguro-core
tcanascimento,pagbank;ps-financial-services;ps-mobileappchannel;ps-third-party-services;ps-customer;developer-productivity
tgambaro,pagbank;ps-customer;pagseguro-core
thiagohnunes,pagbank;ps-customer;pagseguro-core
thiagoteixeiralima,pagbank;ps-financial-services
thomazerlach,pagbank;ps-corp-platform;ps-acquirer;ps-customer;pagseguro-core
tmbatista,pagbank;ps-corp-platform;ps-customer;ps-psp;developer-productivity;pagseguro-core
tqi-dcortes,pagbank;ps-customer
tqi-fbentes,pagbank;ps-mobileappchannel
tqi-gstorti,pagbank;ps-financial-services;ps-third-party-services;ps-psp;developer-productivity
tqi-hcerqueira,pagbank;ps-mobileappchannel
tqi-keugenio,pagbank;ps-customer
tqi-ksilva,pagbank;ps-mobileappchannel
tqi-mcamargos,pagbank;ps-mobileappchannel
tqi-msantos,pagbank;ps-corp-platform;ps-customer;pagseguro-core
tqi-yrodriguez,pagbank
tqiabarbosa,pagbank;ps-mobileappchannel;ps-customer
tqiefernandes,pagbank;ps-poschannel;ps-customer;ps-psp
tqierodrigues,pagbank
tqiglima,pagbank;ps-customer
tqigmorais,pagbank;ps-customer
tqikmendonca,pagbank;ps-mobileappchannel;developer-productivity
tqilochoa,pagbank
tqimcunha,pagbank;ps-customer
tqimfaria,pagbank;ps-financial-services;ps-customer;ps-psp;developer-productivity
tqipfarias,pagbank
tqipuchalski,pagbank;ps-financial-services;ps-customer
tqirandrade,pagbank;ps-financial-services
tqirleite,pagbank;ps-web-channel;ps-corp-platform;ps-customer
tqirqueiroz,pagbank
twachholz,pagbank;ps-corp-platform;ps-customer
ulDroid,pagbank
uolvlopes,pagbank;ps-mobileappchannel
valteirjuniortilix,pagbank;pagseguro-tilix
ViniciusLimaFernandes,pagbank;ps-apichannel;ps-corp-platform;developer-productivity;pagseguro-core
vregina,pagbank
vtermartins,pagbank;ps-store;ps-infra;ps-corp-platform;ps-acquirer;pagseguro-core
wagfcruz,pagbank;ps-financial-services;ps-corp-platform
waloliveira,pagbank;ps-web-channel;ps-corp-platform;ps-customer
wensttay,pagbank;ps-store;pagseguro-core
aguarnier,ps-financial-services;ps-acquirer;pagseguro-core
alanlgoncalves,ps-financial-services;ps-web-channel;ps-corp-platform;developer-productivity;pagseguro-core
aline-marqs,ps-financial-services
altamir-paz,ps-financial-services
Arsousa234,ps-financial-services;ps-acquirer;ps-customer;pagseguro-core
BrunoMendes97,ps-financial-services;ps-corp-platform;ps-psp;developer-productivity;pagseguro-core
camilacardozo1,ps-financial-services;ps-servicedeskchannel;ps-corp-platform;ps-acquirer;ps-customer;developer-productivity;pagseguro-core
cespereira,ps-financial-services;ps-acquirer;developer-productivity;pagseguro-core
cinrtassini,ps-financial-services
crnascimento,ps-financial-services
ctl-vsilva,ps-financial-services;ps-customer
cuchas,ps-financial-services;ps-customer;developer-productivity
danielrsousa,ps-financial-services;ps-mobileappchannel;ps-acquirer;ps-psp
ddeniel1,ps-financial-services;ps-customer;developer-productivity;pagseguro-core
denispose,ps-financial-services
dfantato,ps-financial-services
dolivermetal,ps-financial-services;ps-acquirer;ps-customer;ps-psp;pagseguro-core
doughertvf,ps-financial-services;ps-mobileappchannel;ps-apichannel;ps-customer;developer-productivity;pagseguro-core
dribeirops,ps-financial-services;pagseguro-core
eaneto,ps-financial-services;ps-corp-platform;ps-acquirer;ps-customer;developer-productivity;pagseguro-core
EvertonRezendePS,ps-financial-services
fbrandaouolinc,ps-financial-services;ps-mobileappchannel;ps-customer;ps-psp;pagseguro-core
felipe-basina,ps-financial-services;ps-acquirer;ps-customer;developer-productivity;pagseguro-core
ffdutra,ps-financial-services;ps-customer
gsiqueiraps,ps-financial-services;ps-third-party-services
idd-jmartini,ps-financial-services
idd-jpinheiro,ps-financial-services;ps-psp;developer-productivity
idd-lbastos,ps-financial-services;ps-customer
idd-rcorreia,ps-financial-services;ps-customer;developer-productivity
iddffontoura,ps-financial-services;pagseguro-core
iddgsoares,ps-financial-services;ps-acquirer;developer-productivity;pagseguro-core
iddmukita,ps-financial-services
jcerqueirameira,ps-financial-services;pagseguro-core
jeancostacampos,ps-financial-services;registra-seguro;ps-acquirer;developer-productivity
jefersonbsa,ps-financial-services;ps-acquirer;ps-psp;developer-productivity;pagseguro-core
laryscdias,ps-financial-services
LoysGibertoni,ps-financial-services;pagseguro-core
lsenauol,ps-financial-services
LuanDamascenoUOLinc,ps-financial-services;ps-mobileappchannel;pagseguro-core
lvjunior-ps,ps-financial-services;ps-acquirer
marin2,ps-financial-services;developer-productivity;pagseguro-core
mrcsxsiq,ps-financial-services;ps-customer
mrdpaula,ps-financial-services
niconasc,ps-financial-services;ps-corp-platform
ninogueira,ps-financial-services;ps-acquirer;ps-customer;developer-productivity;pagseguro-core
omegamendes,ps-financial-services;ps-servicedeskchannel;ps-web-channel;ps-customer;developer-productivity;pagseguro-core
paulogoncalo,ps-financial-services;ps-corp-platform;ps-acquirer;ps-customer;pagseguro-core
pdslsilva,ps-financial-services
perimcomm,ps-financial-services;ps-store;ps-poschannel;developer-productivity;pagseguro-core
pverdi-dev,ps-financial-services;ps-customer
rafabto,ps-financial-services
rafaeltorress,ps-financial-services;ps-corp-platform;ps-acquirer;ps-customer;ps-psp;pagseguro-core
rafvpereira,ps-financial-services;ps-store;ps-corp-platform;pagseguro-core
renatofmsoares,ps-financial-services;ps-corp-platform;developer-productivity;pagseguro-core
ricardomalias,ps-financial-services
rleoneti,ps-financial-services;ps-customer;developer-productivity
RodrigoAPrado,ps-financial-services;ps-customer;developer-productivity;pagseguro-core
rodrigogmdias,ps-financial-services
rogerioallves27,ps-financial-services;ps-corp-platform;developer-productivity;pagseguro-core
romotta,ps-financial-services;ps-servicedeskchannel;ps-acquirer;developer-productivity;pagseguro-core
rpmiranda-ps,ps-financial-services
s2it-mlima,ps-financial-services;ps-acquirer;developer-productivity;pagseguro-core
s2ithearaujo,ps-financial-services
s2itlesouza,ps-financial-services;ps-acquirer;pagseguro-core
s2ittramos,ps-financial-services;ps-corp-platform;ps-acquirer;developer-productivity;pagseguro-core
SamuelHFerreiraUol,ps-financial-services
SandroGomesDantas,ps-financial-services
sj-silva,ps-financial-services
srburton,ps-financial-services;ps-store
sterodrigues,ps-financial-services;ps-corp-platform;ps-acquirer;ps-customer;developer-productivity;pagseguro-core
svcacc-github-biva,ps-financial-services
tcidrepag,ps-financial-services;ps-acquirer;ps-customer;ps-psp;developer-productivity
thhilario,ps-financial-services;ps-apichannel;ps-corp-platform;developer-productivity;pagseguro-core
thiagoxpaiva,ps-financial-services;ps-corp-platform;developer-productivity;pagseguro-core
til-avalaszek,ps-financial-services;ps-corp-platform;pagseguro-core
til-msouza,ps-financial-services;ps-corp-platform;pagseguro-core
til-odiniz,ps-financial-services;ps-acquirer;ps-psp
til-rbizi,ps-financial-services;ps-corp-platform;ps-acquirer;ps-customer;pagseguro-core
til-ttavares,ps-financial-services;ps-corp-platform;ps-acquirer;ps-customer;developer-productivity;pagseguro-core
tilaaleixo,ps-financial-services;pagseguro-core
tilasalgado,ps-financial-services;ps-corp-platform;ps-acquirer;ps-customer;pagseguro-core
tqi-jsalvi,ps-financial-services;ps-infra
tqimagoncalves,ps-financial-services
tqiosouza,ps-financial-services;developer-productivity
tqisluiz,ps-financial-services
v-moraes,ps-financial-services;ps-store;ps-corp-platform;ps-acquirer;ps-customer;pagseguro-core
vgsantos95,ps-financial-services;ps-customer;pagseguro-core
vicpereira,ps-financial-services;developer-productivity
vrx-wumezaki,ps-financial-services;ps-servicedeskchannel;ps-corp-platform;ps-acquirer;ps-customer;pagseguro-core
anpaula,pagtrail;ps-corp-platform;ps-acquirer;pagseguro-core
aquelepaulo,pagtrail;ps-infra;ps-corp-platform;ps-customer
Brun0-Gama,pagtrail;ps-third-party-services;ps-corp-platform;ps-yami;ps-customer;ps-psp;developer-productivity
bruninhamax,pagtrail
brunosoouza,pagtrail;ps-customer
francisconvs,pagtrail
gabrielcalmeida,pagtrail;registra-seguro;ps-acquirer;ps-customer;developer-productivity
gabydias,pagtrail
gibastos,pagtrail;ps-corp-platform
hleca,pagtrail;ps-corp-platform
jcarneirosre,pagtrail;ps-corp-platform
jeffersonferraric,pagtrail;ps-servicedeskchannel;ps-web-channel;developer-productivity;pagseguro-core
Joao-Pinheiro07,pagtrail;ps-corp-platform
joyceol,pagtrail
juliofdourado,pagtrail;ps-acquirer;ps-customer;ps-psp;pagseguro-core
marcos-barbosa,pagtrail
mauricio-sousa,pagtrail;ps-infra;developer-productivity
MirianSeffrin,pagtrail
raphaelabrantes,pagtrail;ps-customer
rcmarchesi,pagtrail;registra-seguro;ps-web-channel;ps-acquirer;ps-psp;developer-productivity
rvicente11,pagtrail;ps-corp-platform;developer-productivity
salsilva-init,pagtrail
stefanievicente,pagtrail
thaleslimao,pagtrail;ps-apichannel;ps-corp-platform;ps-customer
valmeida75,pagtrail;ps-customer;ps-psp;developer-productivity;pagseguro-core
ViniciusFreire97,pagtrail;ps-customer
aeugenio-ps,ps-store;ps-servicedeskchannel;ps-web-channel;ps-corp-platform;ps-acquirer;ps-psp;developer-productivity
alexandre-marchina,ps-store;ps-servicedeskchannel;ps-corp-platform;ps-customer;developer-productivity;pagseguro-core
cmmoura,ps-store;ps-web-channel;ps-customer
ctl-dmartini,ps-store;ps-corp-platform;ps-customer
ctlwvargas,ps-store;ps-corp-platform;ps-acquirer;ps-psp;pagseguro-core
felippelongo,ps-store;ps-customer;ps-psp
guilhermenagatomo,ps-store;ps-corp-platform;ps-customer;ps-psp;developer-productivity;pagseguro-core
humbertocallefi,ps-store;ps-web-channel
idd-tsantos,ps-store;ps-web-channel;ps-corp-platform;ps-customer;developer-productivity
iddleandro,ps-store;ps-web-channel;ps-corp-platform;ps-customer;developer-productivity
iddralves,ps-store;ps-web-channel;ps-corp-platform;ps-acquirer;developer-productivity;pagseguro-core
jaisonschmidt,ps-store;ps-apichannel;ps-corp-platform;ps-customer;developer-productivity;pagseguro-core
JeanGoncalves,ps-store;ps-web-channel;ps-customer;developer-productivity;pagseguro-core
leonardold,ps-store;pagseguro-core
paulo1911,ps-store;ps-customer;pagseguro-core
PedraoFerreira,ps-store;ps-web-channel;ps-customer;pagseguro-core
rdoi-ps,ps-store;ps-acquirer;ps-psp;developer-productivity;pagseguro-core
renatoholanda,ps-store;ps-corp-platform;ps-customer;developer-productivity;pagseguro-core
abonacin,ps-infra;ps-corp-platform
boinkbr,ps-infra;ps-acquirer;ps-yami;ps-customer;ps-psp;developer-productivity
boskovisch,ps-infra;ps-psp;pagseguro-core
cassianoroloff,ps-infra;ps-corp-platform
cce-cneves,ps-infra;ps-corp-platform;ps-customer;pagseguro-core
furlanrb,ps-infra;ps-customer
jmandl,ps-infra
joseeduardojuliano,ps-infra;ps-corp-platform;pagseguro-core
jsantanajr,ps-infra;ps-corp-platform;ps-customer;developer-productivity;pagseguro-core
luishmg,ps-infra
luizrojo,ps-infra
MarcoAndrade-Pags,ps-infra;ps-customer;developer-productivity
MatheusAThomaz,ps-infra;ps-mobileappchannel
mpalos,ps-infra;ps-corp-platform;ps-customer;pagseguro-core
rapha83,ps-infra
rcafalchiouol,ps-infra;ps-servicedeskchannel;ps-corp-platform;ps-customer;pagseguro-core
rgpaixao,ps-infra;ps-corp-platform
rkoszalka,ps-infra;ps-mobileappchannel;ps-apichannel;ps-web-channel;ps-third-party-services;developer-productivity;pagseguro-core
s2itfvieira,ps-infra;ps-servicedeskchannel
slekecinskas,ps-infra
smunhon,ps-infra;ps-apichannel;ps-web-channel
vitorvmiguel,ps-infra;ps-corp-platform
wgrafael,ps-infra;ps-customer;ps-psp;developer-productivity
andrenmaia,registra-seguro;ps-corp-platform;ps-acquirer;ps-customer;pagseguro-core
arthurpessoa,registra-seguro;ps-acquirer;ps-customer
djalmalgodinho,registra-seguro;developer-productivity
ecallegaro,registra-seguro;ps-customer;developer-productivity
evertonbelarminoPS,registra-seguro
FilipeThome,registra-seguro;ps-customer;ps-psp;developer-productivity
gradson-mesquita,registra-seguro;ps-acquirer;ps-customer;developer-productivity
hugoalexandrosouza,registra-seguro;ps-customer;developer-productivity
mageddo,registra-seguro;ps-corp-platform;pagseguro-core
murilodourado,registra-seguro;ps-customer;developer-productivity;pagseguro-core
PedroHamamoto,registra-seguro;ps-acquirer
ps-reborges,registra-seguro;ps-acquirer;ps-customer;ps-psp;developer-productivity
ramonmpacheco,registra-seguro;ps-acquirer;ps-customer;developer-productivity
renansmiranda,registra-seguro;ps-corp-platform
skatesham,registra-seguro;ps-customer
til-cbrandao,registra-seguro;ps-acquirer;ps-customer;ps-psp
tillsanchez,registra-seguro;ps-customer
Alessandra-dmartin,ps-mobileappchannel;ps-apichannel;ps-acquirer;pagseguro-core
avgxc,ps-mobileappchannel;ps-customer;developer-productivity;pagseguro-core
bmazzi,ps-mobileappchannel;ps-poschannel;pagseguro-core
brunocarneiro312,ps-mobileappchannel;ps-web-channel
CarolGalvao,ps-mobileappchannel;ps-psp;pagseguro-core
ckedor,ps-mobileappchannel;ps-psp
danielfelgar,ps-mobileappchannel
dguachala,ps-mobileappchannel;ps-acquirer;developer-productivity;pagseguro-core
diegozelao,ps-mobileappchannel;ps-web-channel
erin-pinheiro,ps-mobileappchannel;ps-customer;ps-psp
ernanehun,ps-mobileappchannel;ps-customer;developer-productivity
fabriciofelipe,ps-mobileappchannel;ps-customer;developer-productivity;pagseguro-core
felipe-at,ps-mobileappchannel
gabrieltavares2002,ps-mobileappchannel;ps-web-channel
hildequias,ps-mobileappchannel;ps-customer;ps-psp
igoruol,ps-mobileappchannel;developer-productivity
jennyferbelarmino,ps-mobileappchannel;ps-apichannel;pagseguro-core
jnunes-dev,ps-mobileappchannel
jplethier,ps-mobileappchannel;ps-customer
lmoscardo,ps-mobileappchannel;ps-customer
mourodrigo,ps-mobileappchannel;ps-customer;pagseguro-core
nsd-dalcantara,ps-mobileappchannel;ps-web-channel
nsd-lsoutello,ps-mobileappchannel;ps-web-channel;ps-customer
nsddpereira,ps-mobileappchannel;ps-customer
patricia-ramos,ps-mobileappchannel;ps-apichannel;ps-customer;developer-productivity;pagseguro-core
Rafael-Miranda23,ps-mobileappchannel;ps-web-channel
renato-batista,ps-mobileappchannel;ps-poschannel;ps-acquirer;ps-psp;pagseguro-core
sergioserejo,ps-mobileappchannel;ps-web-channel;ps-corp-platform;ps-acquirer
tgarduci,ps-mobileappchannel;ps-poschannel;pagseguro-core
tqi-abraga,ps-mobileappchannel;ps-customer
tqi-jrocha,ps-mobileappchannel
viasilva,ps-mobileappchannel
victorpereiradepaula,ps-mobileappchannel;ps-customer
vinioliveirasilvapag,ps-mobileappchannel
vterdias,ps-mobileappchannel;ps-poschannel;ps-acquirer;pagseguro-core
wanascimento0508,ps-mobileappchannel;ps-poschannel
wc-andrade,ps-mobileappchannel;developer-productivity;pagseguro-core
wesleyimamura,ps-mobileappchannel;ps-apichannel;ps-customer;developer-productivity;pagseguro-core
wnabechima,ps-mobileappchannel;developer-productivity
blucino,ps-apichannel;developer-productivity
cin-llourenco,ps-apichannel;ps-web-channel;developer-productivity;pagseguro-core
denniscoutinho,ps-apichannel;ps-web-channel;ps-customer;ps-psp;pagseguro-core
dlimaps,ps-apichannel;ps-corp-platform;ps-acquirer;ps-customer;developer-productivity;pagseguro-core
frozendo,ps-apichannel;ps-corp-platform;ps-acquirer;ps-customer;developer-productivity;pagseguro-core
helderppaulo,ps-apichannel;ps-servicedeskchannel;ps-customer;ps-psp;developer-productivity
idd-toliveira,ps-apichannel;ps-corp-platform;ps-acquirer;ps-customer;developer-productivity;pagseguro-core
lucasheller,ps-apichannel;ps-servicedeskchannel;ps-acquirer;developer-productivity;pagseguro-core
mleoncio-ps,ps-apichannel;ps-servicedeskchannel;ps-web-channel;ps-corp-platform;ps-customer
peoagottardi,ps-apichannel;ps-web-channel;ps-third-party-services;pagseguro-core
ps-rmacario,ps-apichannel;ps-customer;developer-productivity;pagseguro-core
RicardoJeronymo,ps-apichannel;ps-customer
tdaud,ps-apichannel;ps-servicedeskchannel;ps-web-channel;ps-acquirer;ps-psp;developer-productivity
viniciusconti,ps-apichannel;ps-web-channel;ps-acquirer;ps-customer;ps-psp;developer-productivity;pagseguro-core
wallacehenriquesilva,ps-apichannel;ps-corp-platform;ps-acquirer;developer-productivity;pagseguro-core
zherro,ps-apichannel;ps-corp-platform;ps-acquirer;developer-productivity;pagseguro-core
017155,ps-servicedeskchannel
436153,ps-servicedeskchannel;developer-productivity
augustobmoura,ps-servicedeskchannel;ps-web-channel;ps-corp-platform;ps-acquirer;ps-customer;ps-psp;pagseguro-core
Caiuzu,ps-servicedeskchannel;ps-customer;developer-productivity
dpaulo-almeida,ps-servicedeskchannel;pagseguro-core
drufato,ps-servicedeskchannel;ps-customer;pagseguro-core
eduatakeuol,ps-servicedeskchannel;ps-poschannel;ps-web-channel;ps-acquirer
fdeckertcosta,ps-servicedeskchannel;ps-web-channel;ps-third-party-services
ice-gsenra,ps-servicedeskchannel;ps-customer;developer-productivity
icelandreotti,ps-servicedeskchannel;ps-web-channel;ps-corp-platform
id-raissacunha,ps-servicedeskchannel;ps-web-channel;ps-corp-platform;ps-psp;developer-productivity;pagseguro-core
idd-tsalla,ps-servicedeskchannel;ps-web-channel;ps-corp-platform;ps-customer;pagseguro-core
iddbsilva,ps-servicedeskchannel;ps-web-channel;ps-customer;developer-productivity;pagseguro-core
iddepereira,ps-servicedeskchannel;ps-poschannel;ps-web-channel;ps-customer;pagseguro-core
IgorLpsPagseg,ps-servicedeskchannel;ps-poschannel;ps-web-channel;ps-third-party-services;ps-corp-platform;pagseguro-core
ivehcarvalho,ps-servicedeskchannel;ps-corp-platform;ps-acquirer;ps-customer;developer-productivity;pagseguro-core
JeffersonCoelho,ps-servicedeskchannel;ps-web-channel;ps-corp-platform;ps-customer
jimmyhendris,ps-servicedeskchannel;ps-corp-platform;ps-customer;developer-productivity
josianeReis,ps-servicedeskchannel;ps-web-channel;ps-third-party-services;ps-customer;developer-productivity
laraujo-inv,ps-servicedeskchannel;pagseguro-core
Liniker-xD,ps-servicedeskchannel;ps-corp-platform;ps-customer;ps-psp;developer-productivity;pagseguro-core
lucascostauolinc,ps-servicedeskchannel;ps-web-channel;pagseguro-core
mariauol,ps-servicedeskchannel;ps-web-channel;ps-corp-platform
mateus-queiroz,ps-servicedeskchannel;ps-corp-platform
pedrorago,ps-servicedeskchannel;ps-customer;pagseguro-core
rabvieira,ps-servicedeskchannel;ps-psp
RafaelPradoWork,ps-servicedeskchannel;ps-acquirer;ps-customer;developer-productivity;pagseguro-core
rapesil,ps-servicedeskchannel;ps-web-channel;ps-corp-platform;pagseguro-core
robson98,ps-servicedeskchannel;developer-productivity;pagseguro-core
s2it-lsilva,ps-servicedeskchannel
s2itebraz,ps-servicedeskchannel;ps-corp-platform
s2itralberto,ps-servicedeskchannel;ps-web-channel;developer-productivity;pagseguro-core
svcaccsalesforce,ps-servicedeskchannel
vbasseto,ps-servicedeskchannel;ps-web-channel;ps-corp-platform;ps-customer
ajmarquesps,pagseguro-tilix
cinramorim,pagseguro-tilix;developer-productivity
clovislima,pagseguro-tilix
ecdfsantos,pagseguro-tilix;ps-corp-platform
hugosilvac,pagseguro-tilix
jammotaPS,pagseguro-tilix
leagomes,pagseguro-tilix;ps-corp-platform;ps-psp
maslima1,pagseguro-tilix;ps-customer
tqieroberto,pagseguro-tilix;ps-customer
wfelicianoPS,pagseguro-tilix
adrianodsq,ps-poschannel
apercario,ps-poschannel;ps-acquirer;ps-customer
artviana,ps-poschannel;ps-customer
rferreira-pag,ps-poschannel;pagseguro-core
4ngelpereira,ps-web-channel;ps-corp-platform;ps-customer
angela-rf,ps-web-channel
blagusps,ps-web-channel;ps-corp-platform;ps-customer;pagseguro-core
brunodonatob,ps-web-channel;ps-third-party-services;ps-acquirer;ps-customer;ps-psp;pagseguro-core
caiofsouza,ps-web-channel
carloschneider,ps-web-channel;ps-corp-platform
ctl-emallmann,ps-web-channel;ps-corp-platform;ps-customer;pagseguro-core
ctl-lhernandoren,ps-web-channel;ps-corp-platform;ps-customer
ctlmagnoletto,ps-web-channel;ps-corp-platform;ps-customer
DanielNetPOS,ps-web-channel
dgoalmeidacezar,ps-web-channel;developer-productivity;pagseguro-core
diegolsouzaa,ps-web-channel;pagseguro-core
flaviofaleiros,ps-web-channel;ps-customer
Frenvius,ps-web-channel;ps-customer;developer-productivity
fvsantos-pags,ps-web-channel;ps-acquirer;ps-customer;developer-productivity
gbertoluchi-pag,ps-web-channel
GleibsonBorges,ps-web-channel;ps-corp-platform;ps-acquirer;ps-customer;pagseguro-core
GuihToledo,ps-web-channel;ps-corp-platform;developer-productivity;pagseguro-core
ice-jnakamura,ps-web-channel;ps-corp-platform
idd-esousa,ps-web-channel;ps-customer
idd-rchicone,ps-web-channel;developer-productivity;pagseguro-core
iddldionizio,ps-web-channel;developer-productivity
inoriegapags,ps-web-channel;pagseguro-core
jcandido-ps,ps-web-channel
jessicacsouza,ps-web-channel
jonatasinvillia,ps-web-channel;ps-customer;pagseguro-core
juliosampaio,ps-web-channel;developer-productivity
LeeonardoVargas,ps-web-channel;ps-corp-platform;ps-customer
lorsilva-fe,ps-web-channel;pagseguro-core
LucasRuy,ps-web-channel
lucaswauke,ps-web-channel
matheusCalaca,ps-web-channel;ps-corp-platform;ps-customer;ps-psp;pagseguro-core
medina-luke,ps-web-channel;pagseguro-core
mizidiopag,ps-web-channel;pagseguro-core
mmsdivino,ps-web-channel;pagseguro-core
nsdhmonte,ps-web-channel;ps-customer
oelopes,ps-web-channel;developer-productivity
paablopierre,ps-web-channel;ps-corp-platform;ps-customer
ps-tbezerra,ps-web-channel;ps-corp-platform;ps-customer;developer-productivity;pagseguro-core
ps-yalves,ps-web-channel;ps-customer
PsEmailTemplate,ps-web-channel
radsilva93,ps-web-channel;ps-corp-platform;ps-acquirer;ps-customer;ps-psp;developer-productivity;pagseguro-core
Raphael-de-Faria,ps-web-channel;ps-customer
rscarfonepagseguro,ps-web-channel
s2itbvasconcellos,ps-web-channel
s2itjnascimento,ps-web-channel;ps-corp-platform;ps-acquirer;ps-customer;pagseguro-core
s2itppoli,ps-web-channel;ps-corp-platform;developer-productivity;pagseguro-core
savyomoreira,ps-web-channel;pagseguro-core
tcustodio86,ps-web-channel;ps-customer;ps-psp;developer-productivity;pagseguro-core
thpereira2020,ps-web-channel;ps-acquirer;ps-psp;pagseguro-core
tmaldonado-pags,ps-web-channel
tqi-clopes,ps-web-channel;pagseguro-core
tqi-rarodrigues,ps-web-channel;ps-third-party-services;pagseguro-core
tqiepaiva,ps-web-channel;ps-customer
tqitqueiroz,ps-web-channel;ps-corp-platform;ps-customer;pagseguro-core
tsharaguchi,ps-web-channel
adarpossolo,ps-third-party-services
DamianosSotirakis,ps-third-party-services;ps-corp-platform;ps-customer;pagseguro-core
HugoDL,ps-third-party-services;ps-corp-platform;ps-customer;ps-psp
lyoshioka,ps-third-party-services
mayaoliveira,ps-third-party-services;ps-corp-platform;ps-acquirer;ps-customer;ps-psp;pagseguro-core
vinmoraesps,ps-third-party-services;ps-customer
Wcisang,ps-third-party-services
abnergmf,ps-corp-platform;ps-customer;developer-productivity;pagseguro-core
adomingos-tqi,ps-corp-platform;pagseguro-core
adriangonc,ps-corp-platform
agalvao-pagseguro,ps-corp-platform;ps-psp
am53-mesposito,ps-corp-platform;developer-productivity
ampcosta,ps-corp-platform;developer-productivity
andreluizfran,ps-corp-platform;pagseguro-core
araujoleandro,ps-corp-platform;ps-customer;ps-psp
ArthurMota9,ps-corp-platform;ps-customer
b0nn13,ps-corp-platform;ps-acquirer;pagseguro-core
bagrielll,ps-corp-platform
bernardolobato,ps-corp-platform;pagseguro-core
billmask,ps-corp-platform;ps-customer;developer-productivity
caio-henrique-uolcorp,ps-corp-platform
caiquealexandre,ps-corp-platform;ps-acquirer;ps-customer;developer-productivity;pagseguro-core
charlesmtns,ps-corp-platform;developer-productivity
claytoncma,ps-corp-platform
ctl-balixandre,ps-corp-platform;ps-customer
ctlgdanielli,ps-corp-platform;ps-customer
CyntiaNishida,ps-corp-platform;ps-customer
daabreu-uol,ps-corp-platform
danielgracia,ps-corp-platform;ps-acquirer;ps-customer;developer-productivity;pagseguro-core
danielkawakamips,ps-corp-platform
danielppereira,ps-corp-platform;ps-customer;pagseguro-core
DaniloDainez,ps-corp-platform;developer-productivity;pagseguro-core
danilomendes11,ps-corp-platform;ps-customer
dbeneditopag,ps-corp-platform
dbuset,ps-corp-platform
dteferreira,ps-corp-platform;developer-productivity;pagseguro-core
ebnascimentoPs,ps-corp-platform;ps-customer;developer-productivity
edineipiovesan,ps-corp-platform;ps-customer;developer-productivity;pagseguro-core
edwindelgadoh,ps-corp-platform;ps-acquirer;developer-productivity;pagseguro-core
efarrapo,ps-corp-platform;ps-acquirer;ps-customer;developer-productivity;pagseguro-core
elifashoracio,ps-corp-platform
eliveltonpereira,ps-corp-platform;developer-productivity
FariasVictorPS,ps-corp-platform;pagseguro-core
FaveroFerreira,ps-corp-platform;ps-customer;pagseguro-core
felipedguimaraes,ps-corp-platform;developer-productivity;pagseguro-core
felipeluzps,ps-corp-platform;pagseguro-core
FernandoGabane,ps-corp-platform;developer-productivity;pagseguro-core
fjordao-pag,ps-corp-platform
flpmartins88,ps-corp-platform;developer-productivity;pagseguro-core
franpgs,ps-corp-platform
furtadodiogo,ps-corp-platform;ps-customer;pagseguro-core
fvdbsilva,ps-corp-platform;ps-acquirer;ps-customer
fvdmprieto,ps-corp-platform;ps-acquirer;ps-psp;developer-productivity;pagseguro-core
gabrielekiane,ps-corp-platform
gabriellucius,ps-corp-platform;ps-customer;developer-productivity;pagseguro-core
gcaselips,ps-corp-platform;ps-psp;pagseguro-core
githubpscore,ps-corp-platform;ps-customer;pagseguro-core
GoldenGateBR,ps-corp-platform
guicherubini,ps-corp-platform
guilhermegandolfi,ps-corp-platform;ps-customer
GuilhermeVieira,ps-corp-platform;pagseguro-core
guioshiro,ps-corp-platform;ps-acquirer;ps-customer;developer-productivity;pagseguro-core
helderlinhares,ps-corp-platform;pagseguro-core
Helio-Osako,ps-corp-platform
hevangelista,ps-corp-platform;developer-productivity
hgodinho-ps,ps-corp-platform
hramos-ps,ps-corp-platform;ps-customer;developer-productivity
hudsonsantos,ps-corp-platform;ps-customer
hugows15,ps-corp-platform;ps-customer
ice-lfernandes,ps-corp-platform;pagseguro-core
iceaduarte,ps-corp-platform;developer-productivity;pagseguro-core
icebzambotti,ps-corp-platform;pagseguro-core
icedsantos,ps-corp-platform;pagseguro-core
iceggouvea,ps-corp-platform;ps-customer;developer-productivity;pagseguro-core
idd-dgiordano,ps-corp-platform
idd-greche,ps-corp-platform;ps-customer
iddabraga,ps-corp-platform;ps-customer;pagseguro-core
iddacosta,ps-corp-platform;ps-psp;pagseguro-core
iddcproft,ps-corp-platform;pagseguro-core
iddecandido,ps-corp-platform
iddidantas,ps-corp-platform;ps-acquirer;ps-customer;developer-productivity;pagseguro-core
iddlcarvalho,ps-corp-platform
iddldantas,ps-corp-platform;ps-customer
iddpzorrilla,ps-corp-platform;ps-customer;ps-psp;pagseguro-core
iddvdantas,ps-corp-platform;pagseguro-core
igorHenriqueAraujo,ps-corp-platform;ps-customer;developer-productivity;pagseguro-core
igortomp100,ps-corp-platform
integ-salt,ps-corp-platform
ivepramos,ps-corp-platform
iverandrade1994,ps-corp-platform
jefferson-vieira,ps-corp-platform;ps-customer;developer-productivity;pagseguro-core
jfaria-uol,ps-corp-platform;ps-customer;pagseguro-core
joaoabrodrigues,ps-corp-platform;pagseguro-core
joseramia,ps-corp-platform;ps-acquirer;pagseguro-core
julianoalmeidasilva,ps-corp-platform;ps-acquirer;ps-customer;pagseguro-core
julio-pieri,ps-corp-platform;developer-productivity;pagseguro-core
jumathias,ps-corp-platform
lais-bertoni,ps-corp-platform;ps-acquirer;ps-customer;developer-productivity;pagseguro-core
lcomar,ps-corp-platform;ps-customer
leohoc,ps-corp-platform;ps-acquirer;ps-customer;pagseguro-core
lmoritan,ps-corp-platform;ps-acquirer;ps-customer;developer-productivity;pagseguro-core
luanmarcondes,ps-corp-platform;ps-acquirer;ps-psp;developer-productivity;pagseguro-core
lucasp-andrade,ps-corp-platform;ps-customer
luisarbezerra,ps-corp-platform;ps-customer
luisfpb,ps-corp-platform;ps-customer;developer-productivity;pagseguro-core
luiz-canassa-invillia,ps-corp-platform;ps-acquirer;developer-productivity;pagseguro-core
lvcasrenan,ps-corp-platform;ps-acquirer;ps-customer;ps-psp;pagseguro-core
malemos,ps-corp-platform
manhani-felipe,ps-corp-platform;ps-customer;pagseguro-core
marcelapolato,ps-corp-platform
marceloomoto,ps-corp-platform;developer-productivity
marcoostan,ps-corp-platform;ps-customer;developer-productivity
marraes,ps-corp-platform;ps-acquirer;pagseguro-core
marrocha-ps,ps-corp-platform;ps-acquirer;ps-customer;ps-psp;developer-productivity
marvieira,ps-corp-platform
MateusVT,ps-corp-platform;ps-customer;ps-psp;pagseguro-core
matheusmessora,ps-corp-platform;developer-productivity;pagseguro-core
matheusmss,ps-corp-platform;ps-acquirer;developer-productivity;pagseguro-core
miaraujo,ps-corp-platform
nafernanda,ps-corp-platform;pagseguro-core
odilonjk,ps-corp-platform;ps-customer;developer-productivity;pagseguro-core
padovese,ps-corp-platform;pagseguro-core
paulkjoseph,ps-corp-platform;ps-customer;developer-productivity;pagseguro-core
PChiesa,ps-corp-platform;ps-customer;pagseguro-core
pegomesolv,ps-corp-platform;ps-psp;pagseguro-core
phdsilva-pag,ps-corp-platform
ps-cbsantos,ps-corp-platform
ps-datascience-jbrettas,ps-corp-platform
ps-hmatias,ps-corp-platform
ranoliveira,ps-corp-platform
rcarignato,ps-corp-platform
rebecabaldomir,ps-corp-platform
ReinaldoPag,ps-corp-platform;ps-customer;pagseguro-core
rjmanzoni,ps-corp-platform;developer-productivity
rkleiton,ps-corp-platform;ps-customer
rnicacio,ps-corp-platform;ps-customer
rodmartinsps,ps-corp-platform;pagseguro-core
romulobordezani,ps-corp-platform
ropestana,ps-corp-platform;ps-customer;pagseguro-core
rosooares,ps-corp-platform;ps-customer;pagseguro-core
rrgomes88,ps-corp-platform;ps-customer;pagseguro-core
rsabio-pags,ps-corp-platform;developer-productivity
runascimento,ps-corp-platform;ps-psp;pagseguro-core
rvisconde,ps-corp-platform;ps-customer;developer-productivity
s2it-hrodrigues,ps-corp-platform;ps-customer;developer-productivity;pagseguro-core
s2it-lrossi,ps-corp-platform;ps-customer
s2it-tceleste,ps-corp-platform;ps-customer;ps-psp
s2it-tsilva,ps-corp-platform
s2itCmiguel,ps-corp-platform;pagseguro-core
s2itgalves,ps-corp-platform;ps-customer
s2itgzupolini,ps-corp-platform;ps-acquirer;developer-productivity;pagseguro-core
s2itvvaz,ps-corp-platform;ps-acquirer;ps-customer;pagseguro-core
saulocn,ps-corp-platform;ps-acquirer
sayuri-takeda,ps-corp-platform
shelcickyPs,ps-corp-platform;developer-productivity
skolenyak,ps-corp-platform;ps-acquirer;ps-psp
sre-alexandria,ps-corp-platform
tbdourado,ps-corp-platform;ps-acquirer
thiagolinoz,ps-corp-platform;ps-customer;developer-productivity;pagseguro-core
til-aaleixo,ps-corp-platform;ps-customer;pagseguro-core
til-asilva,ps-corp-platform;ps-customer;pagseguro-core
til-esilva,ps-corp-platform;pagseguro-core
tqi-Dmatos,ps-corp-platform
tqi-mipereira,ps-corp-platform
tqipramos,ps-corp-platform
tqivanderjunior,ps-corp-platform;ps-customer;developer-productivity;pagseguro-core
vinicius-gr,ps-corp-platform
viniciusmva,ps-corp-platform;ps-acquirer;pagseguro-core
viniciuspag,ps-corp-platform;developer-productivity
VinniToth,ps-corp-platform;ps-psp
vtegleidson,ps-corp-platform
wrpinheiro,ps-corp-platform;ps-psp;developer-productivity;pagseguro-core
Adolfo-Pira,ps-acquirer
agiovaninipagseguro,ps-acquirer;ps-psp
alberto-fragala-neto,ps-acquirer;developer-productivity;pagseguro-core
alpsantos-ps,ps-acquirer;developer-productivity;pagseguro-core
anaurias,ps-acquirer;ps-psp
andrecristiani-ps,ps-acquirer;developer-productivity;pagseguro-core
andrelcmoreira,ps-acquirer
andrelenon,ps-acquirer;pagseguro-core
andrevieirabr,ps-acquirer
aparecidosteixeira,ps-acquirer;ps-psp
aspineli,ps-acquirer;ps-customer;ps-psp
AtilaFerrari,ps-acquirer;ps-customer;developer-productivity;pagseguro-core
bronzelle-pagseguro,ps-acquirer
brunasilvestre,ps-acquirer;ps-customer;pagseguro-core
brunoluzardi,ps-acquirer;ps-psp;pagseguro-core
ccaparroz,ps-acquirer
ccassol,ps-acquirer
chvaccari,ps-acquirer;ps-psp
Clarinalee,ps-acquirer;ps-customer;ps-psp
csazevedo-boac,ps-acquirer;ps-customer;ps-psp
ctl-rcoimbra,ps-acquirer;ps-customer;pagseguro-core
daneebrand,ps-acquirer;ps-psp;developer-productivity;pagseguro-core
DaniloTerra,ps-acquirer;ps-psp
dfelix82,ps-acquirer;ps-psp;pagseguro-core
dpassarellas,ps-acquirer;ps-customer;ps-psp
Droissor,ps-acquirer;pagseguro-core
dysilva,ps-acquirer;pagseguro-core
elemospags,ps-acquirer
eluppi,ps-acquirer
exsousa,ps-acquirer;ps-psp;pagseguro-core
fabiomadruga,ps-acquirer;pagseguro-core
falsantos,ps-acquirer;ps-psp;pagseguro-core
fcoutinho-uolinc,ps-acquirer;ps-customer;ps-psp
felipefug,ps-acquirer;ps-psp
fernandoutikawa,ps-acquirer;ps-customer;pagseguro-core
fguilherme404,ps-acquirer
fvdacesar,ps-acquirer
Gabasco,ps-acquirer
gabrielacolaresr,ps-acquirer;ps-customer
GilbertoPags,ps-acquirer
gildomar-roberto,ps-acquirer;ps-customer;developer-productivity;pagseguro-core
gkonishi,ps-acquirer;ps-customer
gpdrsilva,ps-acquirer
guastallaigor,ps-acquirer;ps-customer;ps-psp
gvaldevieso,ps-acquirer;ps-customer;ps-psp
hfgatti,ps-acquirer;ps-customer;pagseguro-core
icardoso92,ps-acquirer;pagseguro-core
idd-csardi,ps-acquirer;ps-psp
idd-djapiassu,ps-acquirer;ps-customer;developer-productivity;pagseguro-core
iddmalbuquerque,ps-acquirer
iddrguimaraes,ps-acquirer
igoncalves-db,ps-acquirer;ps-customer;ps-psp;pagseguro-core
imai87,ps-acquirer;pagseguro-core
imitsuoka,ps-acquirer;developer-productivity;pagseguro-core
jamilla-hs,ps-acquirer;ps-customer;pagseguro-core
jbailao,ps-acquirer
jcserpa,ps-acquirer;developer-productivity
jeanlucasparra,ps-acquirer;ps-customer;pagseguro-core
jfalcao99,ps-acquirer
joseantoniosf,ps-acquirer;pagseguro-core
jvilelaps,ps-acquirer;ps-customer;pagseguro-core
jwiltonn,ps-acquirer
kimcavalcanti,ps-acquirer;pagseguro-core
lucasassuncao,ps-acquirer;ps-customer
lucasfigueiredoweb,ps-acquirer;developer-productivity
lumachado,ps-acquirer;ps-psp
marcelo-sigueoka-pagseguro,ps-acquirer
marcos-tito,ps-acquirer;pagseguro-core
marpriori,ps-acquirer;ps-customer;ps-psp
martin-uolinc,ps-acquirer
mateusbalconi,ps-acquirer;ps-customer;ps-psp
matheusaguiardevuol,ps-acquirer
moniqueesteves,ps-acquirer;developer-productivity
mrvasconcelos,ps-acquirer;pagseguro-core
msarmento-uol,ps-acquirer;ps-customer;ps-psp;developer-productivity;pagseguro-core
mykubota,ps-acquirer;ps-psp
nelsonjunior-developer,ps-acquirer;pagseguro-core
ngoncalvesjunior,ps-acquirer;ps-psp
noriakijr,ps-acquirer;ps-customer;pagseguro-core
pag-rdantas,ps-acquirer;pagseguro-core
pag-woliveira,ps-acquirer;pagseguro-core
pahsilva,ps-acquirer;ps-customer;pagseguro-core
ps-jogalvao,ps-acquirer;ps-psp
ps-mstoppa,ps-acquirer;developer-productivity
rafaelbiz,ps-acquirer;ps-customer;developer-productivity
rbenatti7,ps-acquirer;ps-customer;ps-psp
rcavallini-pags,ps-acquirer;ps-psp
renandelmonico,ps-acquirer;ps-psp
requenaalx,ps-acquirer;ps-customer;ps-psp;developer-productivity
rkina,ps-acquirer;ps-psp
robueno,ps-acquirer;pagseguro-core
romneypereira,ps-acquirer;ps-customer;pagseguro-core
roneichiarandi,ps-acquirer;ps-customer;ps-psp
rpeixoto-pagseguro,ps-acquirer
Rsalum,ps-acquirer;ps-customer
rudilei,ps-acquirer;pagseguro-core
sammypag,ps-acquirer;pagseguro-core
SRGalan,ps-acquirer
svacc-monterrey,ps-acquirer;ps-psp
svcacgithubconfig,ps-acquirer
tdiascastro,ps-acquirer;pagseguro-core
tgeraldo,ps-acquirer;developer-productivity;pagseguro-core
thaistorres,ps-acquirer
thalestaiko,ps-acquirer;ps-customer;pagseguro-core
thejohnlima,ps-acquirer;ps-psp
tiagosantosuol,ps-acquirer;ps-customer;ps-psp;pagseguro-core
tilbrodrigues,ps-acquirer;ps-customer;developer-productivity;pagseguro-core
tthashimoto,ps-acquirer;pagseguro-core
uol-bdarcolitto,ps-acquirer;ps-customer;developer-productivity;pagseguro-core
Victor-Silva96,ps-acquirer;pagseguro-core
vrxlsantos,ps-acquirer;ps-psp;developer-productivity;pagseguro-core
WagnerGouvea,ps-acquirer
wellyfrs,ps-acquirer;developer-productivity;pagseguro-core
wssoaresgit,ps-acquirer
ycordeiro,ps-acquirer
ykabuki,ps-acquirer
BruhMeh,ps-yami
gcsantana,ps-yami;ps-customer;developer-productivity
jomadee,ps-yami
miferreira8,ps-yami;developer-productivity
msfidelis,ps-yami;ps-psp
thaz-yami,ps-yami
tqircruz,ps-yami;ps-psp
Tuzizon,ps-yami
vbittencourt,ps-yami;ps-customer;developer-productivity
abarranco-ps,ps-customer;pagseguro-core
abezerraa,ps-customer;developer-productivity;pagseguro-core
AleLira,ps-customer
alesaudate,ps-customer
alesilva,ps-customer;ps-psp;developer-productivity
alesouza-ps,ps-customer;developer-productivity
alexandre-luz,ps-customer;developer-productivity
AlexeiJunior,ps-customer;developer-productivity
alissonfrodrigues,ps-customer
aljsilva,ps-customer
am53sramos,ps-customer;developer-productivity;pagseguro-core
amorimgabriel,ps-customer;developer-productivity
andrexavier,ps-customer
atillaSilva,ps-customer
bmatsuda,ps-customer;ps-psp;pagseguro-core
brbraziel,ps-customer
brumoriki,ps-customer;developer-productivity
caiokissajikian,ps-customer
camiladefensor,ps-customer
carlcaetano,ps-customer
carloscarucce,ps-customer
cavieira-uolinc,ps-customer;pagseguro-core
cbcacuro,ps-customer
ccmario,ps-customer
cesardrk,ps-customer
cin-rsouza,ps-customer
cinrcazangi,ps-customer
cinvsilva,ps-customer
clsilv89,ps-customer
cnoboru,ps-customer
cpmoraes,ps-customer
cristovao23,ps-customer;developer-productivity
crmpagseguro,ps-customer
dantas-diego,ps-customer
davidcacau-inv,ps-customer;pagseguro-core
diegoalexandrepags,ps-customer;pagseguro-core
diwallace,ps-customer
douglaslb,ps-customer
DouglasSantos,ps-customer
ecampos-ps,ps-customer
edersonb,ps-customer;developer-productivity
edmsilva,ps-customer;developer-productivity
eprovati,ps-customer
esanches,ps-customer;ps-psp;developer-productivity;pagseguro-core
everaldocpereira,ps-customer
evertonbrandao-qa,ps-customer
fefanado,ps-customer;ps-psp
felipe-avm-araujo,ps-customer;developer-productivity
FelipeMenezesPagBank,ps-customer;ps-psp
felipesilvatqi,ps-customer;developer-productivity
felpgoes,ps-customer
femello-uolps,ps-customer;developer-productivity
FilipeTagliacozzi,ps-customer;pagseguro-core
fmarinhos,ps-customer;developer-productivity
fmcarneiro,ps-customer;pagseguro-core
FranclinC,ps-customer;developer-productivity
fsalata,ps-customer
fsantana10,ps-customer
gabrielFKrabbe,ps-customer
gabrielnobregal,ps-customer;developer-productivity;pagseguro-core
gabrielpiovani,ps-customer
guagostinho,ps-customer;developer-productivity;pagseguro-core
gussilva98,ps-customer
gutierryguizzi,ps-customer
heliokanno,ps-customer
higormazzola,ps-customer
IamLuiz,ps-customer;developer-productivity;pagseguro-core
ICamolesi,ps-customer;pagseguro-core
ice-esobral,ps-customer;developer-productivity
icerlima,ps-customer;developer-productivity;pagseguro-core
idd-dsilva,ps-customer
idd-msantos,ps-customer
idd-soliveira,ps-customer;ps-psp;developer-productivity;pagseguro-core
idd-villa,ps-customer;developer-productivity;pagseguro-core
iddmmaine,ps-customer
imarcoss,ps-customer
itorresps,ps-customer
Jader-Arruda,ps-customer
JanssenRodrigues,ps-customer
jlccaires,ps-customer
jlwollinger,ps-customer;ps-psp
jmoraisgov,ps-customer;pagseguro-core
jogomes-ps,ps-customer;developer-productivity
jose-addario,ps-customer;ps-psp
josielrocha,ps-customer;developer-productivity;pagseguro-core
josouzaUolinc,ps-customer;developer-productivity
joteixeira,ps-customer;ps-psp
jvermelho,ps-customer;ps-psp
Karlos-Kyoto,ps-customer;ps-psp;pagseguro-core
lbernard0,ps-customer
lcarlos-uolinc,ps-customer;ps-psp;developer-productivity
leandroeog,ps-customer;pagseguro-core
loehard,ps-customer;developer-productivity
lopesuol,ps-customer;pagseguro-core
LucasdeCastro,ps-customer;developer-productivity
lumsilva,ps-customer;ps-psp
lusimoes,ps-customer;developer-productivity
luzejunior,ps-customer;developer-productivity
m1theus,ps-customer;developer-productivity;pagseguro-core
mabiosb,ps-customer;ps-psp
marcelocant,ps-customer
marcotsantos,ps-customer;ps-psp
mathefelix,ps-customer;pagseguro-core
mathsouza98,ps-customer
mazevedo7,ps-customer;developer-productivity;pagseguro-core
mcicala,ps-customer
mcl085,ps-customer
mggoes,ps-customer
mreis-uolinc,ps-customer
mroger-oliveira,ps-customer;pagseguro-core
mvrech,ps-customer
myu-westfall,ps-customer
natanaelrw,ps-customer
npcarvalho,ps-customer
nsdfvaladares,ps-customer
nsdgfonseca,ps-customer
nsdjsilvajr,ps-customer
nseawright,ps-customer;ps-psp;developer-productivity;pagseguro-core
nunes-augusto,ps-customer
page-uolinc,ps-customer
pallobo,ps-customer
pantaps,ps-customer;pagseguro-core
pedroivocorreia,ps-customer
petersonsalme,ps-customer;pagseguro-core
phscastro,ps-customer;pagseguro-core
pshigematsu,ps-customer
pvegsantana,ps-customer
raphaelkoszalka-zz,ps-customer
ravansini,ps-customer;ps-psp;pagseguro-core
rbloureiro,ps-customer
RobsonPTeixeira,ps-customer
rodrigo-mf,ps-customer;pagseguro-core
rodrigoma,ps-customer;pagseguro-core
RodrigoRamos-Pags,ps-customer
rorodriguesfreitas,ps-customer;pagseguro-core
rosineygp,ps-customer
RphRodrigues,ps-customer
s2it-gpires,ps-customer;ps-psp;developer-productivity;pagseguro-core
s2itmthomaz,ps-customer;developer-productivity
s2itrmoraes,ps-customer;ps-psp
s2itvluis,ps-customer;developer-productivity;pagseguro-core
sandroBraga,ps-customer;pagseguro-core
ScartonMarcelo,ps-customer
silvgabriel,ps-customer;developer-productivity
srdantas,ps-customer
svcacc-ps-customer-compliance,ps-customer
tcribeiro,ps-customer
tedtalker,ps-customer
terciosantos,ps-customer;developer-productivity
thiagoberbel,ps-customer;developer-productivity
ThiagoWaishaupt,ps-customer;developer-productivity;pagseguro-core
tilhsilva,ps-customer;developer-productivity
tilscarvalho,ps-customer;developer-productivity
tpuccinelli,ps-customer;developer-productivity;pagseguro-core
tqi-alassalves,ps-customer
tqi-bmundim,ps-customer
tqi-lhenrique,ps-customer
tqi-ppereira,ps-customer
tqibsilva,ps-customer
tqidfaria,ps-customer
tqidsousa,ps-customer
tqiggomes,ps-customer
tqijesantos,ps-customer
tqiltavares,ps-customer;pagseguro-core
tqimcosta,ps-customer
tqirmanzan,ps-customer;developer-productivity
tqirpereira,ps-customer;developer-productivity
tsbprossi,ps-customer
uolgpinoti,ps-customer
vanessadants,ps-customer;pagseguro-core
vfpinheiro,ps-customer
viniciusrodrigues1,ps-customer;developer-productivity
vinisants,ps-customer
vitorruiz94,ps-customer
vparpinelli,ps-customer
warrior-graph,ps-customer
wesleyprado,ps-customer
wfranco123,ps-customer
wilboron,ps-customer
williansilvan,ps-customer;developer-productivity
ajjuniorPag,ps-psp
andersonviana,ps-psp;pagseguro-core
bcarrijo,ps-psp
cin-aperes,ps-psp
danielneto96,ps-psp
danilotuzita,ps-psp
dionisioedu,ps-psp
engdoreis,ps-psp
gfolegatti,ps-psp;developer-productivity;pagseguro-core
idd-rcardoso,ps-psp;developer-productivity
iddscamargo,ps-psp
invillia-rmaximiano,ps-psp;developer-productivity;pagseguro-core
jaisonpureza,ps-psp
jalmeidaps,ps-psp;developer-productivity;pagseguro-core
jbelgamazzi,ps-psp
jcampagna-pagseguro,ps-psp
jefersoncapobianco,ps-psp
jefferbrandao,ps-psp;pagseguro-core
jeffersonbraz,ps-psp
lmoritaa,ps-psp
lpiva,ps-psp
mariocjfilho,ps-psp;pagseguro-core
mlusca,ps-psp
mvcamargo,ps-psp
paulorsm,ps-psp;pagseguro-core
pedrosymon,ps-psp;developer-productivity;pagseguro-core
renanmpimentel,ps-psp
rgarcete,ps-psp
rlsilva-boacompra,ps-psp
s2itjsantos,ps-psp;developer-productivity;pagseguro-core
s2itlgoncalo,ps-psp;pagseguro-core
suaoliveira,ps-psp;pagseguro-core
thlimasantos,ps-psp;pagseguro-core
vinibittencourt,ps-psp
vmatosinho,ps-psp
zearaujo25,ps-psp
AlexisZS,developer-productivity;pagseguro-core
alyssonalveslima,developer-productivity;pagseguro-core
andrelimasantos,developer-productivity;pagseguro-core
AndreLucasrs,developer-productivity
armandoneto-iteris,developer-productivity;pagseguro-core
cberganton,developer-productivity
danilohenrique17,developer-productivity;pagseguro-core
dcanedo,developer-productivity
edloro,developer-productivity
EduardoLwx,developer-productivity
eriveltonmoreira,developer-productivity
estaife,developer-productivity
fabiosako,developer-productivity;pagseguro-core
felipe-toshio,developer-productivity
flago-dev,developer-productivity
fredoliveira-ca,developer-productivity
gelopes-pags,developer-productivity
ghbarros,developer-productivity
glopeso,developer-productivity
guisena888,developer-productivity;pagseguro-core
halissonsj,developer-productivity
hevilavio,developer-productivity;pagseguro-core
idd-eborges,developer-productivity
idd-eoliveira,developer-productivity
idd-jcruz,developer-productivity;pagseguro-core
idd-lsilva,developer-productivity;pagseguro-core
iddesilva,developer-productivity;pagseguro-core
iddmsilva,developer-productivity;pagseguro-core
jeanlks,developer-productivity;pagseguro-core
Jefferson-Braz,developer-productivity
jonatasteixeira,developer-productivity
jrmjunior,developer-productivity;pagseguro-core
ledandre,developer-productivity;pagseguro-core
lmendes8894,developer-productivity
lucasbrigida,developer-productivity;pagseguro-core
mbazaga-ps,developer-productivity
mharnischpag,developer-productivity;pagseguro-core
paulovieiraa,developer-productivity;pagseguro-core
primeflp,developer-productivity
radames-santiago,developer-productivity;pagseguro-core
rgleme,developer-productivity
ricardoplens,developer-productivity
rjsilveira,developer-productivity
rumd3x,developer-productivity
s2itlmaturo,developer-productivity
Shorang,developer-productivity
thiago-trindade,developer-productivity
tqilsouza,developer-productivity
vyniciuspontes,developer-productivity;pagseguro-core
abruscino-eng,pagseguro-core
almedeiro,pagseguro-core
amandaventurin,pagseguro-core
arsilvaar,pagseguro-core
asakatauskas-pagseguro,pagseguro-core
AugustoCalado,pagseguro-core
bonifacio,pagseguro-core
cegoncalves,pagseguro-core
cinfrangel,pagseguro-core
ctl-djung,pagseguro-core
DanielEderFilho,pagseguro-core
dannylo,pagseguro-core
danvitoriano,pagseguro-core
diego-machado-ti,pagseguro-core
fabiovn,pagseguro-core
flavioso16,pagseguro-core
Fnadona,pagseguro-core
folimpio,pagseguro-core
FRezk,pagseguro-core
g-lach,pagseguro-core
GuiCoppini,pagseguro-core
guilhermesalmeida,pagseguro-core
gustavolima10,pagseguro-core
ice-mmelo,pagseguro-core
ice-pmenezes,pagseguro-core
icemsales,pagseguro-core
idd-glodi,pagseguro-core
idd-jsilva,pagseguro-core
iddjpaiva,pagseguro-core
iddjsantos,pagseguro-core
jarturp,pagseguro-core
jcarlosanast,pagseguro-core
jhorodrigues,pagseguro-core
jmendesuol,pagseguro-core
ligiamoreira,pagseguro-core
MarioJunio,pagseguro-core
marisborges,pagseguro-core
max-willian,pagseguro-core
mfsuzigan,pagseguro-core
mgregorio-ps,pagseguro-core
MTVA,pagseguro-core
Paul0henr1qu3,pagseguro-core
rbelini,pagseguro-core
renanavanzi,pagseguro-core
renangtmps,pagseguro-core
rgalinaps,pagseguro-core
rgribeiro-uol,pagseguro-core
rmcardoso,pagseguro-core
robsonflorentino,pagseguro-core
rps-stabile,pagseguro-core
rtsoukamoto,pagseguro-core
s2italima,pagseguro-core
s2itdfavero,pagseguro-core
s2itemunhoz,pagseguro-core
s2itwholanda,pagseguro-core
ThiagoGuy,pagseguro-core
tqitrezende,pagseguro-core
victorjussiani,pagseguro-core
victorvsoares,pagseguro-core
viniciuscsoz,pagseguro-core
wjoubert10,pagseguro-core
